Handle,Variant SKU,Variant Barcode,Option1 Value,ingredients,nutritional_info,usage_instructions,warnings,allergens,usage_tips,medical_disclaimer,legal_regulation
pan-crujiente-sarraceno-sin-azucares-anadidos,218,3380380089800,300 g,"Harina de trigo sarraceno*.
*Cultivado orgánicamente","Valores nutricionales medios por cada 100g Energía 1 642 kJ / 388 kcal Grasas 2,7 g de las cuales ácidos grasos saturados 0,6 g Hidratos de carbono 75,2 g de los cuales azúcares 1,7 g Fibra dietética 4,5 g Proteínas 13,4 g Sal 0,01 g",,,,,,
pan-crujiente-sarraceno-sin-azucares-anadidos,2327,3380380036637,150 g,"Harina de trigo sarraceno*.
*Cultivado orgánicamente","Valores nutricionales medios por cada 100g Energía 1 642 kJ / 388 kcal Grasas 2,7 g de las cuales ácidos grasos saturados 0,6 g Hidratos de carbono 75,2 g de los cuales azúcares 1,7 g Fibra dietética 4,5 g Proteínas 13,4 g Sal 0,01 g",,,,,,
pan-crujiente-de-trigo-sarraceno,356,3380380036620,150 g,"Harina de trigo sarraceno*, azúcar de caña entera* (<2%), sal marina.

*Cultivado orgánicamente","Valores nutricionales medios por cada 100g Energía 1 631 kJ / 385 kcal Grasas 2,8 g de las cuales ácidos grasos saturados 0,6 g Hidratos de carbono 74,8 g de los cuales azúcares 2,6 g Fibra dietética 4,4 g Proteínas 13,0 g Sal 0,68 g",,,,,,
pan-crujiente-de-trigo-sarraceno,1758,3380380047749,300 g,"Harina de trigo sarraceno*, azúcar de caña entera* (<2%), sal marina.
*Cultivado orgánicamente","Valores nutricionales medios por cada 100g Energía 1 631 kJ / 385 kcal Grasas 2,8 g de las cuales ácidos grasos saturados 0,6 g Hidratos de carbono 74,8 g de los cuales azúcares 2,6 g Fibra dietética 4,4 g Proteínas 13,0 g Sal 0,68 g",,,,,,
only-whey-protein-zero,3845,8436621080718,Cookies Ice Cream · 1 kg,"Ingredientes: Concentrado de proteína de suero de LECHE Lacprodan® SP-8011V Instant (contiene lecitina de SOJA como emulgente) 97.77%, Aromas, edulcorantes (Glucósidos de esteviol procedentes de estevia, Sucralosa), TolerasaTM L 100,000 ALU/g.","Información nutricional (por 30 g): Valor energético: 498,13 kJ / 119,17 kcal. Grasas: 1,79 g, de las cuales saturadas: 1,14 g. Hidratos de carbono: 2,24 g, de los cuales azúcares: 2,24 g. Fibra: 0,12 g. Proteínas: 23,47 g. Sal: 0,11 g.

Perfil de aminoácidos (por 100 g de producto): L-Leucina: 10,85 g. L-Isoleucina: 6,45 g. L-Valina: 5,96 g. BCAA totales: 23,27 g. Ácido L-Aspártico: 11,24 g. Ácido L-Glutámico: 17,89 g. L-Serina: 5,48 g. Glicina: 1,86 g. L-Histidina: 1,86 g. L-Arginina: 2,54 g. L-Treonina: 7,92 g. L-Alanina: 5,38 g. L-Prolina: 6,16 g. L-Tirosina: 3,03 g. L-Metionina: 2,15 g. L-Cisteína: 2,35 g. L-Fenilalanina: 3,23 g. L-Lisina: 9,68 g. L-Triptófano: 1,86 g.","Modo de empleo: Disolver 30g (1 servicio) mezclados en agua o leche desnatada (200-250ml). Tomar 1-2 servicios al día, preferiblemente 1 batido en el desayuno y 1 batido después del entrenamiento.","Advertencias: Los complementos alimenticios no deben utilizarse como sustitutos de una dieta variada y equilibrada ni de un modo de vida sano. Este producto no está diseñado para diagnosticar, tratar o prevenir ninguna enfermedad. No superar la dosis diaria expresamente recomendada. Mantener fuera del alcance de los niños más pequeños. Una dieta variada y equilibrada y un estilo de vida saludables son importantes. Producto para uso en adultos. Puede contener trazas de gluten, pescado, cacahuete y frutos de cáscara (avellana).",,,,
only-whey-protein-zero,3843,8436621080763,Brownie · 1 kg,"Ingredientes: Concentrado de proteína de suero de LECHE Lacprodan® SP-8011V Instant (contiene lecitina de SOJA como emulgente) 89,75%, Cacao desgrasado en polvo 6%, Aromas, edulcorantes (Glucósidos de esteviol procedentes de estevia, Sucralosa), TolerasaTM L 100,000 ALU/g.","Información nutricional (por 30 g): Valor energético: 486,23 kJ / 116,32 kcal. Grasas: 1,87 g, de las cuales saturadas: 1,19 g. Hidratos de carbono: 2,57 g, de los cuales azúcares: 2,11 g. Fibra: 0,58 g. Proteínas: 22,01 g. Sal: 0,10 g.

Otros principios activos (por 30 g): Lacprodan® SP-8011V (concentrado de proteína de suero lácteo): 26,93 g. Tolerase® L (enzima lactasa): 22,5 mg (2250 ALU).

Perfil de aminoácidos (por 100 g de producto): L-Leucina: 9,96 g. L-Isoleucina: 5,92 g. L-Valina: 5,47 g. BCAA totales: 21,36 g. Ácido L-Aspártico: 10,32 g. Ácido L-Glutámico: 16,42 g. L-Serina: 5,03 g. Glicina: 1,71 g. L-Histidina: 1,71 g. L-Arginina: 2,33 g. L-Treonina: 7,27 g. L-Alanina: 4,94 g. L-Prolina: 5,65 g. L-Tirosina: 2,78 g. L-Metionina: 1,97 g. L-Cisteína: 2,15 g. L-Fenilalanina: 2,96 g. L-Lisina: 8,89 g. L-Triptófano: 1,71 g.","Modo de empleo: Disolver 30g (1 servicio) mezclados en agua o leche desnatada (200-250ml). Tomar 1-2 servicios al día, preferiblemente 1 batido en el desayuno y 1 batido después del entrenamiento.","Advertencias: Los complementos alimenticios no deben utilizarse como sustitutos de una dieta variada y equilibrada ni de un modo de vida sano. Este producto no está diseñado para diagnosticar, tratar o prevenir ninguna enfermedad. No superar la dosis diaria expresamente recomendada. Mantener fuera del alcance de los niños más pequeños. Una dieta variada y equilibrada y un estilo de vida saludables son importantes. Producto para uso en adultos. Puede contener trazas de gluten, pescado, cacahuete y frutos de cáscara (avellana).",,,,
only-whey-protein-zero,549,8425252162603,Choco avellana · 1 kg,"Only Whey Zero, sabor Choco Hazelnut. Complemento alimenticio a base de proteínas con edulcorantes.

Ingredientes: Concentrado de proteína de suero de LECHE Lacprodan® SP-8011V Instant (contiene lecitina de SOJA como emulgente) 90.53%, Cacao desgrasado en polvo 5%, Aromas, sal, edulcorante (Sucralosa), TolerasaTM L 100.000 ALU/g, edulcorante (Glucósidos de esteviol procedentes de estevia).","Valor energético: 1637.38 kJ / 391.72 kcal (100 g), 491.26 kJ / 117.53 kcal (30 g). Grasas: 6.11 g (100 g), 1.83 g (30 g), de las cuales saturadas: 3.9 g (100 g), 1.17 g (30 g). Hidratos de carbono: 9.56 g (100 g), 2.87 g (30 g), de los cuales azúcares: 5.94 g (100 g), 1.78 g (30 g). Fibra: 1.81 g (100 g), 0.54 g (30 g). Proteínas: 73.72 g (100 g), 22.12 g (30 g). Sal: 0.56 g (100 g), 0.16 g (30 g).","Modo de empleo: Disolver 30g (1 servicio) mezclados en agua o leche desnatada (200-250ml). Tomar 1-2 servicios al día, preferiblemente 1 batido en el desayuno y 1 batido después del entrenamiento.","Advertencias: Los complementos alimenticios no deben utilizarse como sustitutos de una dieta variada y equilibrada ni de un modo de vida sano. Este producto no está diseñado para diagnosticar, tratar o prevenir ninguna enfermedad. No superar la dosis diaria expresamente recomendada. Mantener fuera del alcance de los niños más pequeños. Una dieta variada y equilibrada y un estilo de vida saludables son importantes. Producto para uso en adultos. Puede contener trazas de gluten, pescado, cacahuete y frutos de cáscara (avellana).",,,,
only-whey-protein-zero,3842,8425252161736,Pink Cake · 1 kg,"Caseína Micelar, sabor Pink Cake with white choco bits. Alimento en polvo a base de proteínas con azúcar y edulcorante.

Ingredientes: Aislado de caseína micelar natural Lacprodan MicelPure® (LECHE) (67.82%), Concentrado de proteína de suero de LECHE Lacprodan® SP-8011V Instant (contiene lecitina de SOJA, como emulgente) (20%), Trocitos planos de chocolate blanco (azúcar, manteca de cacao, LECHE entera en polvo, agente de recubrimiento (E-553b), emulgente (E-322) y aroma natural) (8%), Aromas, colorante rojo remolacha, edulcorante (Sucralosa), espesante (goma xantana), sal.","Valor energético: 1557.74 kJ / 372.66 kcal (100 g), 467.37 kJ / 111.81 kcal (30 g). Grasas: 4.78 g (100 g), 1.43 g (30 g), de las cuales saturadas: 3.02 g (100 g), 0.91 g (30 g). Hidratos de carbono: 9.29 g (100 g), 2.79 g (30 g), de los cuales azúcares: 6.4 g (100 g), 1.92 g (30 g). Fibra: 0.03 g (100 g), 0.01 g (30 g). Proteínas: 73.12 g (100 g), 21.94 g (30 g). Sal: 0.33 g (100 g), 0.1 g (30 g).","Modo de empleo: Añadir 1 cacito (30g) y mezclar con 300-350ml de agua o leche desnatada (para un batido más espeso utilice menos líquido, para uno más ligero use más). Para mejores resultados vierta primero el líquido y a continuación el producto en un agitador o mezclador. Tomar inmediatamente tras la preparación. Consumir antes de dormir.","Advertencias: Puede contener trazas de gluten, pescado, cacahuete y frutos de cáscara (avellana). Producto para uso en adultos.",,,,
only-whey-protein-zero,1130,8425252162641,Choco blanco · 1 kg,"Only Whey Zero, sabor White Chocolate. Complemento alimenticio a base de proteínas con edulcorantes.

Ingredientes: Concentrado de proteína de suero de LECHE Lacprodan® SP-8011V Instant (contiene lecitina de SOJA como emulgente) 98.83%, Aromas, edulcorante (Sucralosa), sal, TolerasaTM L 100,000 ALU/g, edulcorante (Glucósidos de esteviol procedentes de estevia).","Valor energético: 1664.6 kJ / 398.23 kcal (100 g), 499.43 kJ / 119.48 kcal (30 g). Grasas: 6.03 g (100 g), 1.81 g (30 g), de las cuales saturadas: 3.85 g (100 g), 1.16 g (30 g). Hidratos de carbono: 6.93 g (100 g), 2.08 g (30 g), de los cuales azúcares: 6.93 g (100 g), 2.08 g (30 g). Fibra: 0 g (100 g), 0 g (30 g). Proteínas: 79.06 g (100 g), 23.72 g (30 g). Sal: 0.5 g (100 g), 0.14 g (30 g).","Modo de empleo: Disolver 30g (1 servicio) mezclados en agua o leche desnatada (200-250ml). Tomar 1-2 servicios al día, preferiblemente 1 batido en el desayuno y 1 batido después del entrenamiento.","Advertencias: Los complementos alimenticios no deben utilizarse como sustitutos de una dieta variada y equilibrada ni de un modo de vida sano. Este producto no está diseñado para diagnosticar, tratar o prevenir ninguna enfermedad. No superar la dosis diaria expresamente recomendada. Mantener fuera del alcance de los niños más pequeños. Una dieta variada y equilibrada y un estilo de vida saludables son importantes. Producto para uso en adultos. Puede contener trazas de gluten, pescado, cacahuete y frutos de cáscara (avellana).",,,,
only-whey-protein-zero,3839,8436621083061,Natillas · 1 kg,"Ingredientes: Lacprodan® SP-8011V Instant: Concentrado de proteína de suero de LECHE (Emulgente (Lecitina de SOJA)) 97,75%, Aromas, Colorante (Carotenos), Sal, Edulcorantes (Sucralosa, Glucósidos de esteviol procedentes de estevia), Enzima Lactasa-Tolerase™ L 100,000 ALU/g.","Valor energético: 1651,98 kJ / 395,21 kcal (100 g), 495,64 kJ / 118,57 kcal (30 g). Grasas: 5,96 g (100 g), 1,79 g (30 g), de las cuales saturadas: 3,81 g (100 g), 1,14 g (30 g). Hidratos de carbono: 7,18 g (100 g), 2,15 g (30 g), de los cuales azúcares: 6,31 g (100 g), 1,89 g (30 g). Fibra alimentaria: 0 g (100 g), 0 g (30 g). Proteínas: 78,21 g (100 g), 23,46 g (30 g). Sal: 0,59 g (100 g), 0,17 g (30 g).",Modo de empleo: Disolver 30g (1 servicio) mezclados en agua o leche desnatada sin lactosa (200-250ml). Tomar 1 servicio al día.,"Advertencias: Los complementos alimenticios no deben utilizarse como sustitutos de una dieta variada y equilibrada ni de un modo de vida sano. No superar la dosis diaria expresamente recomendada. Mantener fuera del alcance de los niños más pequeños. Una dieta variada y equilibrada y un estilo de vida saludables son importantes. Puede contener trazas de gluten, pescado, cacahuete y frutos de cáscara (avellana). Conservar en lugar fresco y seco",,,,
only-whey-protein-zero,1245,8425252200206,vainilla cream · 1KG,"Only Whey Zero, sabor Vanilla Cream. Complemento alimenticio a base de proteínas con edulcorantes.

Ingredientes: Concentrado de proteína de suero de LECHE Lacprodan® SP-8011V Instant (contiene lecitina de SOJA como emulgente) 97.75%, Aromas, edulcorantes (Glucósidos de esteviol procedentes de estevia, Sucralosa), TolerasaTM L 100,000 ALU/g.","Valor energético: 1667.96 kJ / 399.03 kcal (100 g), 500.44 kJ / 119.72 kcal (30 g). Grasas: 5.97 g (100 g), 1.79 g (30 g), de las cuales saturadas: 3.82 g (100 g), 1.14 g (30 g). Hidratos de carbono: 8.12 g (100 g), 2.44 g (30 g), de los cuales azúcares: 6.26 g (100 g), 1.88 g (30 g). Fibra: 0.02 g (100 g), 0.01 g (30 g). Proteínas: 78.2 g (100 g), 23.46 g (30 g). Sal: 0.39 g (100 g), 0.11 g (30 g).","Modo de empleo: Disolver 30g (1 servicio) mezclados en agua o leche desnatada (200-250ml). Tomar 1-2 servicios al día, preferiblemente 1 batido en el desayuno y 1 batido después del entrenamiento.","Advertencias: Los complementos alimenticios no deben utilizarse como sustitutos de una dieta variada y equilibrada ni de un modo de vida sano. Este producto no está diseñado para diagnosticar, tratar o prevenir ninguna enfermedad. No superar la dosis diaria expresamente recomendada. Mantener fuera del alcance de los niños más pequeños. Una dieta variada y equilibrada y un estilo de vida saludables son importantes. Producto para uso en adultos. Puede contener trazas de gluten, pescado, cacahuete y frutos de cáscara (avellana).",,,,
instant-oats,3810,8435635709721,Cookies Choco Chips · 1.6 kg,"Harina integral de avena (gluten), pepitas de chocolate (2%) [azúcar, pasta de cacao, manteca de cacao, cacao desgrasado en polvo, agente de recubrimiento (E-553b), emulgente (E-322) y aroma], aroma y edulcorante: sucralosa.","Información nutricional (por 100 g): Valor energético: 369 kcal. Grasas: 6,3 g, de las cuales saturadas: 1,5 g. Hidratos de carbono: 62 g, de los cuales azúcares: 2,1 g. Proteínas: 11 g. Fibra: 9,5 g. Sal: 0 g.","Mezclar 100 g con 250 ml de agua, leche o zumo de frutas.",,"Aunque este producto no contiene gluten, leche, pescado, sulfitos, apio y soja, se fabrica en una instalación que procesa ingredientes que sí los contienen.",,,
instant-oats,3809,8435635709752,Croissant · 1.6 kg,"Harina integral de avena (GLUTEN), aroma y edulcorante: sucralosa.","Información nutricional (por 100 g): Valor energético: 380 kcal. Grasas: 7,7 g, de las cuales saturadas: 1,4 g. Hidratos de carbono: 60 g, de los cuales azúcares: 1,8 g. Proteínas: 14 g. Fibra: 9,1 g. Sal: 0 g.","Mezclar 100 g con 250 ml de agua, leche o zumo de frutas.",Producto para adultos,"Aunque este producto no contiene leche y soja, se fabrica en una instalación que procesa ingredientes que sí los contienen.",,,
instant-oats,803,8435635703637,Choco Monky · 1.6 kg,"Harina integral de avena (gluten), galleta Lotus Biscoff (2,6%) [harina de trigo (gluten), azúcar, aceites vegetales (palma*, colza), jarabe de azúcar moreno, gasificante: bicarbonato sódico, sal y canela], cacao desgrasado alcalinizado en polvo, aroma y edulcorante: sucralosa. *Aceite de palma de plantaciones sostenibles y certificadas.","Información nutricional (por 100 g): Valor energético: 371 kcal. Grasas: 7,4 g, de las cuales saturadas: 1,6 g. Hidratos de carbono: 59 g, de los cuales azúcares: 2,1 g. Proteínas: 12 g. Fibra: 9,6 g. Sal: 0,03 g.","Mezclar 100 g con 250 ml de agua, leche o zumo de frutas.",Producto para adultos,Contiene gluten. Puede contener trazas de leche y soja,,,
instant-oats-premium,3807,7427029591778,"Strawberry Cheescake · 1,6 kg","Harina integral de avena (gluten), aromas, colorante: rojo de remolacha y edulcorante: sucralosa.","Información nutricional (por 100 g): Valor energético: 365 kcal. Grasas: 5,9 g, de las cuales saturadas: 1,2 g. Hidratos de carbono: 62 g, de los cuales azúcares: 1,1 g. Proteínas: 11 g. Fibra: 9,4 g. Sal: 0 g.","Mezclar 100 g con agua, leche o zumo de frutas (cantidad según preferencia). Tomar de 1 a 3 veces al día o tal y como sea necesario.",,"Puede contener trazas de leche, soja, huevos, pescado, sulfitos, apio y gluten.",,,
instant-oats-premium,3808,7427029591792,Chocolate Blanco · 1.6 kg,"Harina de integral avena (GLUTEN), aroma y edulcorante: sucralosa.","Información nutricional (por 100 g): Valor energético: 380 kcal. Grasas: 7,8 g, de las cuales saturadas: 1,4 g. Hidratos de carbono: 59 g, de los cuales azúcares: 1,9 g. Proteínas: 14 g. Fibra: 9,3 g. Sal: 0 g.","Mezclar 100 g con 250 ml de agua, leche o zumo de frutas.",Producto para adultos,"Aunque este producto no contiene leche, pescado y soja, se fabrica en una instalación que procesa ingredientes que sí los contienen.",,,
instant-oats-premium,808,8435635703606,Sin Sabor · 1.6 kg,Harina integral de avena (gluten).,"Información nutricional (por 100 g): Valor energético: 367 kcal. Grasas: 6 g, de las cuales saturadas: 1,2 g. Hidratos de carbono: 62 g, de los cuales azúcares: 1,0 g. Proteínas: 12 g. Fibra: 9,6 g. Sal: 0 g.","Mezclar 100 g con 250 ml de agua, leche o zumo de frutas.",,"Puede contener trazas de leche, soja, huevos, pescado, sulfitos, apio y gluten.",,,
tasty-rice,3813,7427116188423,White Chocolate · 1 kg,"Harina pregelatinizada de arroz (98,42%), aroma y edulcorante: sucralosa.","Información nutricional (por 100 g): Valor energético: 359 kcal. Grasas: 0,5 g, de las cuales saturadas: 0,3 g. Hidratos de carbono: 81 g, de los cuales azúcares: 0,6 g. Proteínas: 7,5 g. Fibra: 0,5 g. Sal: 0 g.","Disolver 50 g en 250 ml de agua o leche (se puede añadir más líquido, según la textura deseada). Agitar constantemente o utilizar batidora.",Producto para uso en adultos,Aunque este producto no contiene leche y soja se fabrica en una instalación que procesa ingredientes que sí los contienen.,,,
tasty-rice,3811,8435635720788,Chocolate Dubai · 1 kg,"Harina pregelatinizada de arroz (87,9%), cacaos desgrasados alcalinizados en polvo, aromas y edulcorante: sucralosa.","Información nutricional (por 100 g): Valor energético: 352 kcal. Grasas: 1,5 g, de las cuales saturadas: 0,9 g. Hidratos de carbono: 74 g, de los cuales azúcares: 0,8 g. Proteínas: 8,8 g. Fibra: 3,1 g. Sal: 0,13 g.","Disolver 50 g en 250 ml de agua o leche (se puede añadir más líquido, según la textura deseada). Agitar constantemente o utilizar batidora.",Producto para uso en adultos.,Puede contener trazas de leche y soja.,,,
tasty-rice,3815,8435635711090,ProCao · 1 kg,"Información nutricional (por 100 g): Valor energético: 353 kcal. Grasas: 1,5 g, de las cuales saturadas: 0,9 g. Hidratos de carbono: 75 g, de los cuales azúcares: 0,8 g. Proteínas: 8,7 g. Fibra: 1,5 g. Sal: 0,07 g.","Harina pregelatinizada de arroz (90,22%), cacaos desgrasados alcalinizados en polvo, aromas y edulcorante: sucralosa.","Disolver 50 g en 250 ml de agua o leche (se puede añadir más líquido, según la textura deseada). Agitar constantemente o utilizar batidora.",Producto para uso en adultos.,Aunque este producto no contiene leche y soja se fabrica en una instalación que procesa ingredientes que sí los contienen.,,,
tasty-rice,3814,8435635711083,Choco Good Cookies · 1 kg,"Harina pregelatinizada de arroz (91,8%), aromas, cacao desgrasado alcalinizado en polvo y edulcorante: sucralosa.","Información nutricional (por 100 g): Valor energético: 363 kcal. Grasas: 1,4 g, de las cuales saturadas: 0,5 g. Hidratos de carbono: 78 g, de los cuales azúcares: 0,8 g. Proteínas: 8,1 g. Fibra: 2,5 g. Sal: 0 g.",,,"Puede contener trazas de leche, soja y pescado.",,,
tasty-rice,819,7427116188492,Sin Sabor · 1 kg,Harina pregelatinizada de arroz.,"Información nutricional (por 100 g): Valor energético: 371 kcal. Grasas: 0,8 g, de las cuales saturadas: 0,2 g. Hidratos de carbono: 83 g, de los cuales azúcares: 0,5 g. Proteínas: 7,5 g. Fibra: 1 g. Sal: 0 g.","Disolver 50 g en 250 ml de agua o leche (se puede añadir más líquido, según la textura deseada). Agitar constantemente o utilizar batidora.",,"Puede contener trazas de leche, soja, pescado, sulfitos, apio y gluten.",,,
tasty-rice,3812,7427116188386,Choco Peanut · 1 kg,"Harina pregelatinizada de arroz (95,1%), cacao desgrasado alcalinizado en polvo, aromas y edulcorante: sucralosa.","Información nutricional (por 100 g): Valor energético: 367 kcal. Grasas: 1,2 g, de las cuales saturadas: 0,4 g. Hidratos de carbono: 80 g, de los cuales azúcares: 1,0 g. Proteínas: 7,9 g. Fibra: 1,1 g. Sal: 0 g.","Disolver 50 g en 250 ml de agua o leche (se puede añadir más líquido, según la textura deseada). Agitar constantemente o utilizar batidora.",,Aunque este producto no contiene leche y soja se fabrica en una instalación que procesa ingredientes que sí los contienen.,,,
citrulina-malato,1281,8435635710741,Ultra Green · 300 g,"L-citrulina DL-malato, antiaglomerante: dióxido de silicio, aroma, edulcorante: sucralosa y colorantes: tartracina y azul brillante FCF.",Cantidad de nutrientes por servicio (5 g): L-Citrulina DL-Malato: 4 g.,Disolver 5 g (1 cazo) en 250 ml de agua o zumo. Tomar 1 hora antes de entrenar.,"Producto para uso en adultos. Los complementos alimenticios no deben utilizarse como sustitutos de una dieta equilibrada y un estilo de vida saludable. Este producto no está diseñado para diagnosticar, tratar o prevenir ninguna enfermedad. No superar la dosis diaria expresamente recomendada. Mantener fuera del alcance de los niños más pequeños. Tartrazina: Puede tener efectos negativos sobre la actividad y atencion de los niños",Puede contener trazas de leche y soja,,,
citrulina-malato,1282,8425402167946,Frutos Rojos · 300 g,"L-citrulina DL-malato, aroma, antiaglomerante: dióxido de silicio, edulcorante: sucralosa y colorante: rojo de remolacha",Tamaño de la porción 5 g. Porciones por envase 60. L-citrulina DL-malato 4 g.,Disuelva 5 g (1 cucharada) en 250 ml de agua o zumo. Tómelo 1 hora antes de entrenar.,"Producto para uso en adultos. Los complementos alimenticios no deben utilizarse como sustitutos de una dieta equilibrada y un estilo de vida saludable. Este producto no está destinado a diagnosticar, tratar ni prevenir ninguna enfermedad. No exceda la dosis diaria recomendada. Manténgase fuera del alcance de los niños pequeños.",Puede contener trazas de leche y soja.,,,
pan-tostado,1514,8437005258037,Integral · 270 g,"Elaborado con harina integral ecológica, nuestro biscote es una excelente fuente de fibra, ayudando a una digestión equilibrada. Además, es rico en carbohidratos complejos, proporcionando energía sostenida sin picos de azúcar, ideal para comenzar el día con vitalidad.

Cultivados sin pesticidas ni químicos, respetando el medioambiente y tu bienestar. Su receta natural y equilibrada garantiza un alimento ligero y saludable.

Un tostado perfecto que realza su textura crujiente y su sabor inconfundible. Perfecto para veganos y personas que buscan una alimentación saludable.

Disfrútalo con mermeladas, aguacate, quesos o simplemente solo o como un snack saludable para niños y adultos a cualquier hora del día.

Su alto contenido en fibra ayuda a controlar el apetito, evitando antojos innecesarios.

Producido de forma sostenible, con envases reciclables y procesos responsables.","385 kcal (1627 kJ)
Proteinas 13,7 gr
Hidratos de carbono 65 gr
Azúcar 0,12 g.
Grasas 7,5 gr
Saturadas 3,2 g.
Fibra 7 gr
Sodio 0,2 g.
Colesterol inapreciable",,,,,,
pan-tostado,1516,8437005258020,Integral con Lino · 270 g,,"por 100 g:
385 kcal (1627 kJ)
Proteinas 13,7 gr
Hidratos de carbono 65 gr
Azúcar 0,12 g.
Grasas 7,5 gr
Saturadas 3,2 g.
Fibra 7 gr
Sodio 0,2 g.
Colesterol inapreciable

por Biscote: 
32,7 kcal (138 kJ)
Proteinas 1,18 gr
Hidratos de carbono 5,6 gr
Azúcar 0,01 g.
Grasas 0,6 gr
Saturadas 0,28 g.
Fibra 0,6 gr
Sodio 0,02 g.
Colesterol inapreciable",,,,,,
pan-tostado,1513,8437005258051,Espelta · 270 g,"Harina de trigo espelta 100%
Aceite de Oliva Virgen Extra.
Levadura.
Sal marina.
SIN AZÚCAR AÑADIDO","383 kcal (1620 kJ)
Proteinas 11 gr
Hidratos de carbono 70 gr
Azúcar 3 g.
Grasas 6 gr
Saturadas 2 g.
Fibra 17 gr
Sodio 0,6 g.
Colesterol inapreciable",,,,,,
pan-tostado,1517,8437005258044,Multicereales · 270 g,"Harina de trigo.
Harina de multicereales.
Semillas multicereales: cebada,avena,centeno,mijo,lino.
Aceite de Oliva Virgen Extra.
Gluten de trigo.
Levadura
SIN AZUCAR AÑADIDO","408 kcal (1726 kJ)
Proteinas 10 gr
Hidratos de carbono 75 gr
Azúcar 2 gr
Grasas 8 gr
Saturadas 2 g
Fibra 8 gr
Sodio 0,6 g
Colesterol inapreciable",,,,,,
tostadas-crujientes-de-castana,1889,3380380057977,150 g,"Harina de arroz*, harina de castaña* (30%),

sal marina.

*procedentes de la agricultura ecológica.","Valores nutricionales medios por 100 g:
Energía 1 537 kJ / 363 kcal Grasas 2,0 g de las cuales ácidos grasos saturados 0,4 g Hidratos de carbono 76,1 g de los cuales azúcares 5,4 g Fibra alimentaria 5,4 g Proteínas 7,4 g Sal 0,69 g",,,,,,
tostadas-crujientes-de-castana,3295,3380380068522,300 g,"Harina de arroz*, harina de castaña* (30%),
sal marina.
*procedentes de la agricultura ecológica.","Valores nutricionales medios por 100 g Valor energético 1616 kJ / 381 kcal Grasas 1,8 g de las cuales saturadas 0,5 g Hidratos de carbono 83 g de los cuales azúcares 6,5 g Fibra alimentaria 4,3 g Proteínas 6,7 g Sal 0,39 g",,,,,,
harina-de-almendra,1962,8437014360387,150 g,,,,,"Puede contener trazas de otros frutos secos, cacahuete, sésamo y soja.",,,
harina-de-almendra,3354,8437014360776,500 g,,,,,,,,
diet-shake,2233,5999076240531,Caramelo Salado · 720 g,"Concentrado de proteína de suero de leche instantánea 66% {concentrado de proteína de suero de leche, emulgente [lecitinas (soja)]}, inulina, harina de avena (gluten), glucomanano 3,5% (de tubérculo de Amorphophallus konjac) (dióxido de azufre), espesante (goma de celulosa), aromas, fresa en polvo 1,6%, acidulante (ácido cítrico), L-carnitina-L-tartrato 1%, emulgente [lecitinas (soja)], fibra cítrica, linaza en polvo, cáscara de semilla de psyllium en polvo, bayas de acai en polvo 0,6%, bayas de goji en polvo 0,6%, bromelina extraída de piña (1200 GDU/g) 0,5%, sales cálcicas de ácido ortofosfórico, sal, edulcorante (sucralosa), antiaglomerante (dióxido de silicio), colorante (Rojo Allura AC1), cloruro de cromo (III) y su hexahidrato.
1Rojo Allura AC: Puede tener efectos negativos sobre la actividad y la atención de los niños.
Elaborado en una fábrica que produce alimentos que contienen huevos, cacahuete, nueces, apio, pescado y crustáceos.","Información nutricional (por 30 g): Valor energético: 432 kJ / 103 kcal. Grasas: 1,5 g, de las cuales saturadas: 0,9 g. Hidratos de carbono: 4,3 g, de los cuales azúcares: 2,1 g. Fibra: 4,9 g. Proteínas: 15 g. Sal: 0,87 g.

Minerales (por 30 g): Cromo: 18 µg. Calcio: 118 mg.

Otros principios activos (por 30 g): Glucomanano: 1050 mg. Inulina: 2700 mg. L-Carnitina L-Tartrato: 320 mg, de la cual L-Carnitina: 220 mg. Bromelina en polvo: 160 mg.",Mezclar en un shaker 1 dosis (30 g = 4 cucharadas soperas rasas) del producto con 300 ml de agua. Tomar 1 dosis diariamente.,El producto no debe utilizarse como sustituto de una dieta equilibrada y variada y por un modo de vida sano.,,,,
diet-shake,2343,5999076240524,Galletas y Nata · 720 g,"Concentrado de proteína de suero de leche instantánea 64% {concentrado de proteína de suero de leche, emulgente [lecitinas (soja)]}, inulina, harina de avena (gluten), aromas (contiene cafeína), glucomanano 3,5% (de tubérculo de Amorphophallus konjac) (dióxido de azufre), espesante (goma de celulosa), virutas de chocolate {masa de cacao, edulcorante (maltitoles), manteca de cacao, cacao en polvo bajo en grasa, emulgente [lecitinas (soja)], aroma}, L-carnitina-L-tartrato 1%, emulgente [lecitinas (soja)], fibra cítrica, linaza en polvo, cáscara de semilla de psyllium en polvo, bayas de acai en polvo 0,6%, bayas de goji en polvo 0,6%, bromelina extraída de piña (1200 GDU/g) 0,5%, canela en polvo, sales cálcicas de ácido ortofosfórico, edulcorante (sucralosa), antiaglomerante (dióxido de silicio), cloruro de cromo (III) y su hexahidrato.
Elaborado en una fábrica que produce alimentos que contienen huevos, cacahuete, nueces, apio, pescado y crustáceos.","Información nutricional (por 30 g): Valor energético: 437 kJ / 104 kcal. Grasas: 1,8 g, de las cuales saturadas: 1,0 g. Hidratos de carbono: 4,9 g, de los cuales azúcares: 2,0 g. Fibra: 4,9 g. Proteínas: 15 g. Sal: 0,53 g.

Minerales (por 30 g): Cromo: 18 µg. Calcio: 115 mg.

Otros principios activos (por 30 g): Glucomanano: 1050 mg. Inulina: 2700 mg. L-Carnitina L-Tartrato: 320 mg, de la cual L-Carnitina: 220 mg. Bromelina en polvo: 160 mg.",Mezclar en un shaker 1 dosis (30 g = 4 cucharadas soperas rasas) del producto con 300 ml de agua. Tomar 1 dosis diariamente,ADVERTENCIAS: El producto no debe utilizarse como sustituto de una dieta equilibrada y variada y por un modo de vida sano. Un consumo excesivo puede causar malestar intestinal. Evitar el consumo junto con medicamentos y otros complementos alimenticios a base de fibra. Tomar el producto con mucha agua para asegurarse de que la sustancia llega al estómago. Se advierte de peligro de asfixia para personas con problemas de deglución. No ingerir justo antes de acostarse. Los pacientes con diabetes deben consultar con su médico antes de ingerir este producto alimenticio.,,,,
diet-shake,2731,5999076259205,Chocolate · 720 g,"Concentrado de proteína de suero de leche instantánea 61% {concentrado de proteína de suero de leche, emulgente [lecitinas (soja)]}, cacao en polvo bajo en grasa 10%, inulina, harina de avena (gluten), glucomanano 3,5% (de tubérculo de Amorphophallus konjac) (dióxido de azufre), espesante (goma de celulosa), aromas, L-carnitina-L-tartrato 1%, emulgente [lecitinas (soja)], fibra cítrica, linaza en polvo, cáscara de semilla de psyllium en polvo, bayas de acai en polvo 0,6%, bayas de goji en polvo 0,6%, sal, bromelina extraída de piña (1200 GDU/g) 0,5%, sales cálcicas de ácido ortofosfórico, edulcorante (sucralosa), antiaglomerante (dióxido de silicio), cloruro de cromo (III) y su hexahidrato.","1 dosis 30 g. Dosis por envase 24. Dosis diaria 1 dosis (30 g). Información nutricional. 100 g. IR (100 g). 30 g. Valor energético. 1425 kJ/ 339 kcal. 17%. 428 kJ/ 102 kcal. Grasas. 6,0 g. 9%. 1,8 g. De las cuales saturadas. 3,4 g. 17%. 1,0 g. Hidratos de carbono. 14 g. 6%. 4,3 g. De los cuales azúcares. 6,3 g. 7%. 1,9 g. Fibra. 16 g. IR no establecido. 4,7 g. Proteínas. 49 g. 98%. 15 g. Sal. 1,7 g. 29%. 0,52 g. Minerales. 100 g. VRN (100 g). 30 g. Cromo. 60 μg. 150%. 18 μg. Calcio. 384 mg. 48%. 115 mg. Valores de referencia de nutrientes diarios para adultos. Bajo contenido de grasa <1,5 g de grasa/100 ml del producto listo para consumir preparado con agua. Bajo contenido de azúcar <2,5 g de azúcar/100 ml del producto listo para consumir preparado con agua. Otros principios activos. 30 g. Glucomanano. 1050 mg. Inulina. 2025 mg. L-carnitina-L-tartrato. 320 mg. De la cual L-carnitina. 220 mg. Bromelina en polvo. 160 mg.",Mezclar en un shaker 1 dosis (30 g = 4 cucharadas soperas rasas) del producto con 300 ml de agua. Tomar 1 dosis diariamente.,El producto no debe utilizarse como sustituto de una dieta equilibrada y variada y por un modo de vida sano. Un consumo excesivo puede causar malestar intestinal. Evitar el consumo junto con medicamentos y otros complementos alimenticios a base de fibra. Tomar el producto con mucha agua para asegurarse de que la sustancia llega al estómago. Se advierte de peligro de asfixia para personas con problemas de deglución. No ingerir justo antes de acostarse. Los pacientes con diabetes deben consultar con su médico antes de ingerir este producto alimenticio.,,,,
diet-shake,2231,5999076240548,Plátano · 720 g,"Concentrado de proteína de suero de leche instantánea 68% {concentrado de proteína de suero de leche, emulgente [lecitinas (soja)]}, inulina, harina de avena (gluten), glucomanano 3,5% (de tubérculo de Amorphophallus konjac) (dióxido de azufre), espesante (goma de celulosa), plátano liofilizado en polvo 1,8%, aromas, L-carnitina-L-tartrato 1%, emulgente [lecitinas (soja)], fibra cítrica, linaza en polvo, cáscara de semilla de psyllium en polvo, bayas de acai en polvo 0,6%, bayas de goji en polvo 0,6%, bromelina extraída de piña (1200 GDU/g) 0,5%, sales cálcicas de ácido ortofosfórico, sal, edulcorante (sucralosa), antiaglomerante (dióxido de silicio), cloruro de cromo (III) y su hexahidrato.","1 dosis 30 g. Dosis por envase 24. Dosis diaria 1 dosis (30 g). Información nutricional. 100 g. IR (100 g). 30 g. Valor energético. 1450 kJ/ 345 kcal. 17%. 435 kJ/ 103 kcal. Grasas. 5,2 g. 7%. 1,5 g. De las cuales saturadas. 2,9 g. 15%. 0,9 g. Hidratos de carbono. 14 g. 6%. 4,3 g. De los cuales azúcares. 8,1 g. 9%. 2,4 g. Fibra. 17 g. IR no establecido. 5,0 g. Proteínas. 52 g. 104%. 16 g. Sal. 1,4 g. 24%. 0,43 g. Minerales. 100 g. VRN (100 g). 30 g. Cromo. 60 μg. 150%. 18 μg. Calcio. 395 mg. 49%. 118 mg. Valores de referencia de nutrientes. Bajo contenido de grasa <1,5 g de grasa/100 ml del producto listo para consumir preparado con agua. Bajo contenido de azúcar <2,5 g de azúcar/100 ml del producto listo para consumir preparado con agua. Otros principios activos. 30 g. Glucomanano. 1050 mg. Inulina. 2700 mg. L-carnitina-L-tartrato. 320 mg. De la cual L-carnitina. 220 mg. Bromelina en polvo. 160 mg.",Mezclar en un shaker 1 dosis (30 g = 4 cucharadas soperas rasas) del producto con 300 ml de agua. Tomar 1 dosis diariamente.,El producto no debe utilizarse como sustituto de una dieta equilibrada y variada y por un modo de vida sano.,"Elaborado en una fábrica que produce alimentos que contienen huevos, cacahuete, nueces, apio, pescado y crustáceos.",,,
diet-shake,2232,5999076249138,Pistacho · 720 g,"Concentrado de proteína de suero de leche instantánea 67% {concentrado de proteína de suero de leche, emulgente [lecitinas (soja)]}, inulina, harina de avena (gluten), aromas, glucomanano 3,5% (del tubérculo Amorphophallus konjac) (dióxido de azufre), espesante (goma de celulosa), L-carnitina-L-tartrato 1%, emulgente [lecitinas (soja)], fibra cítrica, linaza en polvo, cáscara de semilla de psyllium en polvo, bayas de acai en polvo 0,6%, bayas de goji en polvo 0,6%, bromelina extraída de piña (1200 GDU/g) 0,5%, sales cálcicas de ácido ortofosfórico, sal, edulcorante (sucralosa), antiaglomerante (dióxido de silicio), colorantes (tartrazina1, indigotina), cloruro de cromo (III) y su hexahidrato.
1Tartrazina: Puede tener efectos negativos sobre la actividad y la atención de los niños.
Elaborado en una fábrica que produce alimentos que contienen huevos, cacahuete, nueces, apio, pescado y crustáceos.","**Información nutricional (por 30 g):** Valor energético: 438 kJ / 104 kcal. Grasas: 1,5 g, de las cuales saturadas: 0,9 g. Hidratos de carbono: 4,6 g, de los cuales azúcares: 2,1 g. Fibra: 4,9 g. Proteínas: 15 g. Sal: 0,48 g.

**Minerales (por 30 g):** Cromo: 18 µg. Calcio: 118 mg.

**Otros principios activos (por 30 g):** Glucomanano: 1050 mg. Inulina: 2700 mg. L-Carnitina L-Tartrato: 320 mg, de la cual L-Carnitina: 220 mg. Bromelina en polvo: **1 mg** (tal y como aparece en el texto que has enviado; parece que el valor está incompleto y probablemente debería ser **160 mg**, como en las fichas anteriores).",,El producto no debe utilizarse como sustituto de una dieta equilibrada y variada y por un modo de vida sano. Un consumo excesivo puede causar malestar intestinal. Evitar el consumo junto con medicamentos y otros complementos alimenticios a base de fibra. Tomar el producto con mucha agua para asegurarse de que la sustancia llega al estómago. Se advierte de peligro de asfixia para personas con problemas de deglución. No ingerir justo antes de acostarse. Los pacientes con diabetes deben consultar con su médico antes de ingerir este producto alimenticio.,,,,
bebida-en-polvo-pump-caffeine-free,2234,5999076253432,Té frío de limión · 330 g,"L-citrulina 14%, beta alanina 13%, bitartrato de colina, gluconato de magnesio, clorhidrato de L-arginina 7,4%, aromas, acidulante (ácido málico), sales potásicas de ácido ortofosfórico, sales cálcicas de ácido cítrico, agente de carga (polidextrosa), citrato de sodio, cloruro de potasio, L-tirosina 2,3%, betaína, acidulante (ácido cítrico), cáscara de limón en polvo 1,2%, antiaglomerante (dióxido de silicio), preparado de extracto de Ashwagandha [extracto de raíz de Ashwagandha (Withania somnifera) 0,79%, maltodextrina], colorante (caramelo amónico), ácido L-ascórbico, edulcorante (sucralosa), sal común, extracto de raíz de ginseng coreano (Panax ginseng) 0,18%, D-pantotenato cálcico, ácido nicotínico, clorhidrato de piridoxina, cianocobalamina.
Elaborado en una fábrica que produce alimentos que contienen leche, huevos, soja, cacahuete, nueces, apio, pescado, crustáceos, moluscos y dióxido de azufre.","Cantidad de nutrientes por dosis diaria (11 g): L-Citrulina: 1535 mg. Malato (ácido málico): 667 mg. Beta alanina: 1400 mg. Clorhidrato de L-arginina: 813 mg, del cual L-arginina: 673 mg. L-Tirosina: 250 mg. Niacina (ácido nicotínico): 40 mg (25% VRN*). Vitamina B6: 1,4 mg (100% VRN*). Vitamina C: 80 mg (100% VRN*). Extracto de Panax ginseng: 19,5 mg, del cual ginsenósidos: 3,9 mg. Betaína: 241 mg. Colina: 490 mg. Ácido pantoténico: 6,0 mg (100% VRN*). Vitamina B12: 2,5 µg (100% VRN*). Extracto de raíz de Ashwagandha: 87 mg, del cual withanólidos: 1,5 mg. Potasio: 405 mg (20% VRN*). Calcio: 120 mg (15% VRN*). Cloruro: 150 mg (19% VRN*). Magnesio: 60,0 mg (16% VRN*). Fósforo: 150 mg (15% VRN*). Sodio: 115 mg.",Uso recomendado: Mezcla 1 dosis del polvo (11 g = 3 cucharas medidoras rasas = 4 cucharadas de té rasas) con 400 ml de agua. Tomar 1 dosis diariamente 15 minutos antes del entrenamiento. No superar la dosis diaria expresamente recomendada. Usa un shaker,"ADVERTENCIAS: Mantener fuera del alcance de los niños más pequeños. El complemento alimenticio no debe utilizarse como sustituto de una dieta equilibrada y variada y por un modo de vida sano. No recomendado para personas menores de 18 años, ni por mujeres embarazadas o en período de lactancia. No se recomienda el consumo del producto a personas con una enfermedad subyacente conocida o que toman medicamentos o antidiabéticos. El producto no debe consumirse si ya se han consumido en el mismo día complementos alimenticios que contienen betaína añadida",,,,
bebida-en-polvo-pump-caffeine-free,2235,5999076253425,Fruta Tropical · 330 g,"L-citrulina 14%, beta alanina 13%, bitartrato de colina, gluconato de magnesio, clorhidrato de L-arginina 7,4%, agente de carga (polidextrosa), acidulante (ácido málico), aromas, sales potásicas de ácido ortofosfórico, sales cálcicas de ácido cítrico, citrato de sodio, cloruro de potasio, L-tirosina 2,3%, betaína, acidulante (ácido cítrico), antiaglomerante (dióxido de silicio), preparado de extracto de Ashwagandha [extracto de raíz de Ashwagandha (Withania somnifera) 0,79%, maltodextrina], ácido L-ascórbico, edulcorante (sucralosa), sal común, extracto de raíz de ginseng coreano (Panax ginseng) 0,18%, D-pantotenato cálcico, ácido nicotínico, colorantes (tartrazina, Rojo Allura AC)1, clorhidrato de piridoxina, cianocobalamina. 1Tartrazina, Rojo Allura AC: puede tener efectos negativos sobre la actividad y la atención de los niños.
Elaborado en una fábrica que produce alimentos que contienen leche, huevos, soja, cacahuete, nueces, apio, pescado, crustáceos, moluscos y dióxido de azufre.","Cantidad de nutrientes por dosis diaria (11 g): L-Citrulina: 1535 mg. Malato (ácido málico): 667 mg. Beta alanina: 1400 mg. Clorhidrato de L-arginina: 813 mg, del cual L-arginina: 673 mg. L-Tirosina: 250 mg. Niacina (ácido nicotínico): 40 mg (25% VRN*). Vitamina B6: 1,4 mg (100% VRN*). Vitamina C: 80 mg (100% VRN*). Extracto de Panax ginseng: 19,5 mg, del cual ginsenósidos: 3,9 mg. Betaína: 241 mg. Colina: 490 mg. Ácido pantoténico: 6,0 mg (100% VRN*). Vitamina B12: 2,5 µg (100% VRN*). Extracto de raíz de Ashwagandha: 87 mg, del cual withanólidos: 1,5 mg. Potasio: 405 mg (20% VRN*). Calcio: 120 mg (15% VRN*). Cloruro: 150 mg (19% VRN*). Magnesio: 60,0 mg (16% VRN*). Fósforo: 150 mg (15% VRN*). Sodio: 115 mg.",,,,,,
100-creatina-monohidratada,2347,5999076227419,Sin Sabor · 500 g,"100% monohidrato de creatina micronizado (200 mesh).
Elaborado en una fábrica que produce alimentos que contienen leche, huevos, gluten, soja, crustáceos, dióxido de azufre y nueces.","Cantidad de nutrientes por dosis diaria (3,4 g): Monohidrato de creatina micronizado: 3,4 g, del cual creatina: 3 g.",,,,,,
100-creatina-monohidratada,2348,5999076227426,Sin Sabor · 300 g,100% monohidrato de creatina micronizado (200 mesh).,"Cantidad de nutrientes por dosis diaria (3,4 g): Monohidrato de creatina micronizado: 3,4 g, del cual creatina: 3 g.","Mezclar 1 dosis (3,4 g = 1 cucharamedidora rasa = 1 cucharada de té) con 300 ml de algún líquido a su gusto. Tomar 1 dosis diariamente. Usa un shaker.",ADVERTENCIAS: Mantener fuera del alcance de los niños más pequeños. No recomendado para personas menores de 18 años ni mujeres embarazadas o en período de lactancia ni para personas que están bajo control médico. Los complementos alimenticios no deben utilizarse como sustitutos de una dieta equilibrada y variada y por un modo de vida sano. No superar la dosis diaria expresamente recomendada.,"Elaborado en una fábrica que produce alimentos que contienen leche, huevos, gluten, soja, crustáceos, dióxido de azufre y nueces.",,,
100-creatina-monohidratada,3783,5999076227402,Sin Sabor · 1 kg,"100% monohidrato de creatina micronizado (200 mesh).
Elaborado en una fábrica que produce alimentos que contienen leche, huevos, gluten, soja, crustáceos, dióxido de azufre y nueces.","Otros principios activos (por dosis diaria de 3,4 g): Monohidrato de creatina micronizado: 3,4 g, del cual creatina: 3 g.","Mezclar 1 dosis (3,4 g = 1 cucharamedidora rasa = 1 cucharada de té) con 300 ml de algún líquido a su gusto. Tomar 1 dosis diariamente. Usa un shaker.",ADVERTENCIAS: Mantener fuera del alcance de los niños más pequeños. No recomendado para personas menores de 18 años ni mujeres embarazadas o en período de lactancia ni para personas que están bajo control médico. Los complementos alimenticios no deben utilizarse como sustitutos de una dieta equilibrada y variada y por un modo de vida sano. No superar la dosis diaria expresamente recomendada.,,,,
black-blood-nox-bebida-en-polvo,3756,5999076253760,Fruta Tropical · 340 g,"Clorhidrato de L-arginina 18%, monohidrato de creatina micronizado 17%, L-citrulina 15%, beta alanina 12%, acidulante (ácido málico), L-leucina 6,2%, espesante (goma xantana), agente de carga (polidextrosa), L-tirosina, aromas, antiaglomerantes (sales magnésicas de ácidos grasos, dióxido de silicio), ácido L-ascórbico, L-isoleucina 1,5%, L-valina 1,5%, cafeína anhidra 1,5%, acidulante (ácido cítrico), edulcorantes (acesulfamo K, sucralosa), ácido nicotínico, colorantes (tartrazina, Rojo Allura AC)1, clorhidrato de piridoxina, mononitrato de tiamina. 1Rojo Allura AC, tartrazina: puede tener efectos negativos sobre la actividad y la atención de los niños.
Elaborado en una fábrica que produce alimentos que contienen leche, huevos, gluten, soja, cacahuete, nueces, apio, pescado, crustáceos, moluscos y dióxido de azufre.","Cantidad de nutrientes por dosis (20 g / 2 servicios): Energy Complex²: 463 mg. Tiamina: 2,4 mg (218% VRN*). Niacina (ácido nicotínico): 8,0 mg (50% VRN*). Vitamina B6: 2,5 mg (179% VRN*). Vitamina C: 450 mg (563% VRN*). Complejo Black Blood NOX: 10278 mg, compuesto por L-Citrulina: 3000 mg, Malato (ácido málico): 1250 mg, Clorhidrato de L-arginina: 3628 mg, del cual L-Arginina: 3000 mg, Beta alanina: 2400 mg, Monohidrato de creatina: 3411 mg, del cual creatina: 3000 mg. Complejo de aminoácidos: 2453 mg, compuesto por L-Tirosina: 600 mg, L-Leucina: 1235 mg, L-Isoleucina: 309 mg y L-Valina: 309 mg. Cafeína anhidra: 300 mg.",,,,,,
black-blood-nox-bebida-en-polvo,3751,5999076253753,Naranja Sanguina · 340 g,"Clorhidrato de L-arginina 18%, monohidrato de creatina micronizado 17%, L-citrulina 15%, beta alanina 12%, acidulante (ácido málico), L-leucina 6,2%, espesante (goma xantana), agente de carga (polidextrosa), L-tirosina, aromas, antiaglomerantes (sales magnésicas de ácidos grasos, dióxido de silicio), ácido L-ascórbico, L-isoleucina 1,5%, L-valina 1,5%, cafeína anhidra 1,5%, acidulante (ácido cítrico), edulcorantes (acesulfamo K, sucralosa), colorantes (Rojo Allura AC, tartrazina)1, ácido nicotínico, clorhidrato de piridoxina, mononitrato de tiamina. 1Rojo Allura AC, tartrazina: puede tener efectos negativos sobre la actividad y la atención de los niños.
Elaborado en una fábrica que produce alimentos que contienen leche, huevos, gluten, soja, cacahuete, nueces, apio, pescado, crustáceos, moluscos y dióxido de azufre.","Cantidad de nutrientes por dosis (20 g / 2 servicios): Energy Complex²: 463 mg. Tiamina: 2,4 mg (218% VRN*). Niacina (ácido nicotínico): 8,0 mg (50% VRN*). Vitamina B6: 2,5 mg (179% VRN*). Vitamina C: 450 mg (563% VRN*). Complejo Black Blood NOX: 10278 mg, compuesto por L-Citrulina: 3000 mg, Malato (ácido málico): 1250 mg, Clorhidrato de L-arginina: 3628 mg, del cual L-Arginina: 3000 mg, Beta alanina: 2400 mg, Monohidrato de creatina: 3411 mg, del cual creatina: 3000 mg. Complejo de aminoácidos: 2453 mg, compuesto por L-Tirosina: 600 mg, L-Leucina: 1235 mg, L-Isoleucina: 309 mg y L-Valina: 309 mg. Cafeína anhidra: 300 mg.",,,,,,
black-blood-nox-bebida-en-polvo,2538,5999076253784,Ruby Berry · 340 g,,,,,,,,
supernova,3242,5999076253616,Pera Manzana · 282 g,"Clorhidrato de L-arginina 24%, beta alanina 18%, taurina 13%, L-citrulina 11%, acidulante (ácido málico), monohidrato de creatina micronizado 11%, aromas, cafeína anhidra 2,1%, antiaglomerante (dióxido de silicio), edulcorantes (sucralosa, acesulfamo K), agente de carga (polidextrosa), gasificante (carbonatos de sodio), niacina (ácido nicotínico), óxido de zinc, correctores de la acidez (óxido de magnesio, citratos de calcio), colorantes (tartrazina1, indigotina), vitamina B6 (clorhidrato de piridoxina). 1Tartrazina: puede tener efectos negativos sobre la actividad y la atención de los niños.

Elaborado en una fábrica que produce alimentos que contienen leche, huevos, gluten, soja, crustáceos, dióxido de azufre y nueces.","Cantidad de nutrientes por dosis diaria (4,7 g): Clorhidrato de L-arginina: 1125 mg, del cual L-arginina: 930 mg. Beta alanina: 700 mg. L-Citrulina: 663 mg. Taurina: 590 mg. Malato (ácido málico): 511 mg. Monohidrato de creatina micronizado: 507 mg, del cual creatina: 446 mg. Cafeína anhidra: 100 mg. Niacina (ácido nicotínico): 5,0 mg (31% VRN*). Zinc: 3,0 mg (30% VRN*). Vitamina B6: 0,40 mg (29% VRN*).","Mezcla 9,4 g (2 cucharas dosificadoras rasas = 1 cucharada sopera rasa) de polvo en 200 ml de agua y consume 15 minutos antes del entrenamiento. Recomendamos utilizar una botella mezcladora. ¡No exceder la dosis diaria recomendada! Usa un shaker.","Alto contenido de cafeína. (200 mg de cafeína/ración, 100 mg de cafeína/100 ml de bebida lista para consumir) No se recomienda su uso a niños y mujeres embarazadas o en periodo de lactancia. No se recomienda su uso a personas que padecen de enfermedades cardiovasculares, incluida la hipertensión o a los sensibles a la cafeína. No se recomienda el consumo de este producto a personas que padecen de una enfermedad subyacente o toman medicación. ¡No consumir con ningún otro producto con cafeína en el mismo día! El producto no es un sustituto de una dieta variada y equilibrada, ni de un estilo de vida activo.",,,,
supernova,3243,5999076253609,Melocotón · 282 g,"Clorhidrato de L-arginina 24%, beta alanina 18%, taurina 13%, L-citrulina 11%, acidulante (ácido málico), monohidrato de crea-tina micronizado 11%, aromas, cafeína anhidra 2,1%, antiaglomerante (dióxido de silicio), agente de carga (polidextrosa), edulcorantes (sucralosa, acesulfamo K), gasificante (carbonatos de sodio), niacina (ácido nicotínico), óxido de zinc, correctores de la acidez (óxido de magnesio, citratos de calcio), colorantes (tartrazina1, indigotina), vitamina B6 (clorhidrato de piridoxina). 1Tartrazina: puede tener efectos negativos sobre la actividad y la atención de los niños.

Elaborado en una fábrica que produce alimentos que contienen leche, huevos, gluten, soja, crustáceos, dióxido de azufre y nueces.","Cantidad de nutrientes por dosis diaria (4,7 g): Clorhidrato de L-arginina: 1125 mg, del cual L-arginina: 930 mg. Beta alanina: 700 mg. L-Citrulina: 663 mg. Taurina: 590 mg. Malato (ácido málico): 511 mg. Monohidrato de creatina micronizado: 507 mg, del cual creatina: 446 mg. Cafeína anhidra: 100 mg. Niacina (ácido nicotínico): 5,0 mg (31% VRN*). Zinc: 3,0 mg (30% VRN*). Vitamina B6: 0,40 mg (29% VRN*).","Mezcla 9,4 g (2 cucharas dosificadoras rasas = 1 cucharada sopera rasa) de polvo en 200 ml de agua y consume 15 minutos antes del entrenamiento. Recomendamos utilizar una botella mezcladora. ¡No exceder la dosis diaria recomendada! Usa un shaker.","ATENCIÓN: ***Alto contenido de cafeína. (200 mg de cafeína/ración, 100 mg de cafeína/100 ml de bebida lista para consumir) No se recomienda su uso a niños y mujeres embarazadas o en periodo de lactancia. No se recomienda su uso a personas que padecen de enfermedades cardiovasculares, incluida la hipertensión o a los sensibles a la cafeína. No se recomienda el consumo de este producto a personas que padecen de una enfermedad subyacente o toman medicación. ¡No consumir con ningún otro producto con cafeína en el mismo día! El producto no es un sustituto de una dieta variada y equilibrada, ni de un estilo de vida activo.",,,,
mass-gainer,3308,8435635715128,Choco Hazelnut · 3 kg,"Maltodextrina, harina de arroz pregelatinizada, almidón de maíz ceroso nativo (Waxy maize), Concentrado de proteína de suero de LECHE, aislado de proteína de SOJA, aroma, creatina monohidrato, L-glutamina, L-arginina, edulcorante: sucralosa y complejo multivitaminico [ácido L-ascórbico (vitamina C), maltodextrina, acetato de DL-alfa-tocoferilo (vitamina E), nicotinamida (niacina), acetato de retinilo (vitamina A), D-pantotenato cálcico (ácido pantoténico), colecalciferol (vitamina D), clorhidrato de piridoxina (vitamina B6), riboflavina (vitamina B2), mononitrato de tiamina (tiamina), fitomenadiona (vitamina K), cianocobalamina (vitamina B12), ácido pteroilmonoglutámico (ácido fólico) y D-biotina (biotina)].","Valores nutricionales por 100 gramos

La composición nutricional del producto ofrece un perfil energético elevado, pensado para cubrir las necesidades de quienes están en superávit calórico. Estos son los valores promedio por cada 100 g de producto:

Valor energético: 365 – 371 kcal
Proteínas: 12 – 13 g
Carbohidratos: 75 – 79 g
Azúcares: 4,4 – 4,5 g
Grasas: 0,7 – 1,3 g
Grasas saturadas: 0,4 – 0,7 g
Fibra alimentaria: hasta 1,9 g
Sal: 0,05 – 0,06 g
Además, contiene creatina (1,5 g), glutamina (0,5 g), arginina (0,5 g) y el 50 % de los valores de referencia nutricional en 13 vitaminas.","Disolver 100 g (2 cazos) en agua o leche desnatada (400 ml – 450 ml). Tomar 1-2 veces al día, preferiblemente en la comida y después del entrenamiento.",,Contiene leche y soja.,,,
mass-gainer,3307,8435635715135,Speculoos Cream · 3 kg,"Maltodextrina, harina de arroz pregelatinizada, almidón de maíz ceroso nativo (Waxy maize), Concentrado de proteína de suero de LECHE, aislado de proteína de SOJA, aroma, creatina monohidrato, L-glutamina, L-arginina, edulcorante: sucralosa y complejo multivitaminico [ácido L-ascórbico (vitamina C), maltodextrina, acetato de DL-alfa-tocoferilo (vitamina E), nicotinamida (niacina), acetato de retinilo (vitamina A), D-pantotenato cálcico (ácido pantoténico), colecalciferol (vitamina D), clorhidrato de piridoxina (vitamina B6), riboflavina (vitamina B2), mononitrato de tiamina (tiamina), fitomenadiona (vitamina K), cianocobalamina (vitamina B12), ácido pteroilmonoglutámico (ácido fólico) y D-biotina (biotina)].","Información nutricional (por 100 g): Valor energético: 372 kcal. Grasas: 0,8 g, de las cuales saturadas: 0,4 g. Hidratos de carbono: 79 g, de los cuales azúcares: 4,4 g. Proteínas: 12 g. Fibra: 0,3 g. Sal: 0,06 g.

Vitaminas (por 100 g): Vitamina A: 400 µg. Vitamina D: 2,5 µg. Vitamina E: 6 mg. Vitamina K: 12,5 µg. Vitamina C: 40 mg. Tiamina (Vitamina B1): 0,6 mg. Riboflavina (Vitamina B2): 0,7 mg. Niacina (Vitamina B3): 8 mg. Vitamina B6: 0,7 mg. Vitamina B12: 1,3 µg. Biotina: 25 µg. Ácido fólico: 100 µg. Ácido pantoténico: 3 mg.

Otros principios activos (por 100 g): Creatina monohidrato: 1,5 g. L-Glutamina: 0,5 g. L-Arginina: 0,5 g.

Perfil de aminoácidos (por 100 g): L-Alanina: 0,54 g. Ácido L-Aspártico: 1,31 g. L-Cisteína: 0,30 g. Ácido L-Glutámico: 2,59 g. Glicina: 0,32 g. L-Prolina: 0,64 g. L-Serina: 0,61 g. L-Tirosina: 0,38 g. L-Leucina: 1,12 g. L-Isoleucina: 0,60 g. L-Valina: 0,61 g. L-Lisina: 0,92 g. L-Metionina: 0,21 g. L-Treonina: 0,66 g. L-Fenilalanina: 0,43 g. L-Triptófano: 0,20 g. L-Histidina: 0,28 g. L-Arginina: 1,06 g.","Disolver 100 g (2 cazos) en agua o leche desnatada (400 ml – 450 ml). Tomar 1-2 veces al día, preferiblemente en la comida y después del entrenamiento.",Producto para uso en adultos. Mantener fuera del alcance de los niños más pequeños.,Contiene leche y soja.,,,
mass-gainer,3817,8435635715111,Chocomonky · 3 kg,"Maltodextrina, harina de arroz pregelatinizada, almidón de maíz ceroso nativo (Waxy maize), Concentrado de proteína de suero de LECHE, aislado de proteína de SOJA, cacao alcalinizado desgrasado en polvo, aromas, creatina monohidrato, L-glutamina, L-arginina, edulcorante: sucralosa y complejo multivitamínico [ácido L-ascórbico (vitamina C), maltodextrina, acetato de DL-alfa-tocoferilo (vitamina E), nicotinamida (niacina), acetato de retinilo (vitamina A), D-pantotenato cálcico (ácido pantoténico), colecalciferol (vitamina D), clorhidrato de piridoxina (vitamina B6), riboflavina (vitamina B2), mononitrato de tiamina (tiamina), fitomenadiona (vitamina K), cianocobalamina (vitamina B12), ácido pteroilmonoglutámico (ácido fólico) y D-biotina (biotina)].","Información nutricional (por 100 g): Valor energético: 366 kcal. Grasas: 1,4 g, de las cuales saturadas: 0,7 g. Hidratos de carbono: 75 g, de los cuales azúcares: 4,2 g. Proteínas: 13 g. Fibra: 1,8 g. Sal: 0,05 g.

Vitaminas (por 100 g): Vitamina A: 400 µg. Vitamina D: 2,5 µg. Vitamina E: 6 mg. Vitamina K: 12,5 µg. Vitamina C: 40 mg. Tiamina (Vitamina B1): 0,6 mg. Riboflavina (Vitamina B2): 0,7 mg. Niacina (Vitamina B3): 8 mg. Vitamina B6: 0,7 mg. Vitamina B12: 1,3 µg. Biotina: 25 µg. Ácido fólico: 100 µg. Ácido pantoténico: 3 mg.

Otros principios activos (por 100 g): Creatina monohidrato: 1,5 g. L-Glutamina: 0,5 g. L-Arginina: 0,5 g.

Perfil de aminoácidos (por 100 g): L-Alanina: 0,46 g. Ácido L-Aspártico: 1,14 g. L-Cisteína: 0,26 g. Ácido L-Glutámico: 2,33 g. Glicina: 0,29 g. L-Prolina: 0,56 g. L-Serina: 0,51 g. L-Tirosina: 0,33 g. L-Leucina: 0,97 g. L-Isoleucina: 0,51 g. L-Valina: 0,53 g. L-Lisina: 0,78 g. L-Metionina: 0,18 g. L-Treonina: 0,51 g. L-Fenilalanina: 0,38 g. L-Triptófano: 0,17 g. L-Histidina: 0,25 g. L-Arginina: 1,01 g.","Disolver 100 g (2 cazos) en agua o leche desnatada (400 ml – 450 ml). Tomar 1-2 veces al día, preferiblemente en la comida y después del entrenamiento.",Producto para uso en adultos. Mantener fuera del alcance de los niños más pequeños.,Contiene leche y soja.,,,
hyper-mass,3348,5999076224586,Vainilla · 1 kg,"Maltodextrina 54%, concentrado de proteína de suero de leche, inulina 7%, almidón de maíz 5%, monohidrato de creatina micronizado 5%, caseinato de calcio (contiene leche), espesante (goma de celulosa), aromas, emulgente: lecitinas (soja), aislado de proteína de suero de leche, sal, edulcorante (sucralosa), colorante (tartrazina)¹.
¹Tartrazina, Rojo allura AC: pueden tener efectos negativos sobre la actividad y la atención de los niños.
Elaborado en una fábrica que produce alimentos que contienen leche, huevos, gluten, soja, crustáceos, dióxido de azufre y nueces.","Información nutricional (por 65 g): Valor energético: 1076 kJ / 254 kcal. Grasas: 1,4 g, de las cuales saturadas: 0,78 g. Hidratos de carbono: 38 g, de los cuales azúcares: 4,9 g. Fibra: 5,4 g. Proteínas: 20 g. Sal: 0,65 g.","Mezclar un servicio (65 g = 4 cucharadas soperas) de producto en un shaker con 450 ml de agua. En días de entrenamiento tomar 1 servicio directamente después del entrenamiento. En días de descanso tomar un servicio por la mañana y otro servicio por la tarde.


Envase: 65 g (1 dosis), 1000 g (15 dosis), 2270 g (34 dosis), 4000 g (61 dosis)","ADVERTENCIAS: El producto no es un sustituto de una dieta variada y equilibrada, ni de un estilo de vida saludable.",,,,
hyper-mass,3779,5999076240821,Caramelo Salado · 1 kg,"Maltodextrina 49%, concentrado de proteína de suero de leche, inulina 7%, almidón de maíz 5%, monohidrato de creatina micronizado 5%, caseinato de calcio (contiene leche), aromas, espesante (goma de celulosa), emulgente: lecitinas (soja), sal 0,93%, aislado de proteína de suero de leche, colorante (caramelo amónico), edulcorante (sucralosa).","Información nutricional (por 65 g): Valor energético: 1076 kJ / 254 kcal. Grasas: 1,4 g, de las cuales saturadas: 0,78 g. Hidratos de carbono: 38 g, de los cuales azúcares: 4,9 g. Fibra: 5,4 g. Proteínas: 20 g. Sal: 0,65 g.",Mezclar un servicio (65 g = 4 cucharadas soperas) de producto en un shaker con 450 ml de agua. En días de entrenamiento tomar 1 servicio directamente después del entrenamiento. En días de descanso tomar un servicio por la mañana y otro servicio por la tarde.,"El producto no es un sustituto de una dieta variada y equilibrada, ni de un estilo de vida saludabl",,,,
hyper-mass,3782,5999076232734,Fresa · 1 kg,"Maltodextrina 53%, concentrado de proteína de suero de leche, inulina 7%, almidón de maíz 5%, monohidrato de creatina micronizado 5%, caseinato de calcio (contiene leche), espesante (goma de celulosa), aromas, acidulante (ácido cítrico), emulgente: lecitinas (soja), sal, aislado de proteína de suero de leche, edulcorante (sucralosa), colorante (Rojo allura AC)¹.
¹Tartrazina, Rojo allura AC: pueden tener efectos negativos sobre la actividad y la atención de los niños.
Elaborado en una fábrica que produce alimentos que contienen leche, huevos, gluten, soja, crustáceos, dióxido de azufre y nueces.",,Mezclar un servicio (65 g = 4 cucharadas soperas) de producto en un shaker con 450 ml de agua. En días de entrenamiento tomar 1 servicio directamente después del entrenamiento. En días de descanso tomar un servicio por la mañana y otro servicio por la tarde.,"El producto no es un sustituto de una dieta variada y equilibrada, ni de un estilo de vida saludable.",,,,
hyper-mass,3781,5999076224593,Chocolate · 1 kg,"Maltodextrina 51%, concentrado de proteína de suero de leche, inulina 7%, cacao en polvo bajo en grasa, almidón de maíz 5%, monohidrato de creatina micronizado 5%, caseinato de calcio (contiene leche), espesante (goma de celulosa), aromas, emulgente: lecitinas (soja), aislado de proteína de suero de leche, sal, edulcorante (sucralosa).","Información nutricional (por 65 g): Valor energético: 1076 kJ / 254 kcal. Grasas: 1,4 g, de las cuales saturadas: 0,78 g. Hidratos de carbono: 38 g, de los cuales azúcares: 4,9 g. Fibra: 5,4 g. Proteínas: 20 g. Sal: 0,65 g.",Mezclar un servicio (65 g = 4 cucharadas soperas) de producto en un shaker con 450 ml de agua. En días de entrenamiento tomar 1 servicio directamente después del entrenamiento. En días de descanso tomar un servicio por la mañana y otro servicio por la tarde.,"El producto no es un sustituto de una dieta variada y equilibrada, ni de un estilo de vida saludable.",,,,
hyper-mass,3780,5999076240838,Cookies & Cream · 1 kg,"Maltodextrina 47%, concentrado de proteína de suero de leche, inulina 7%, almidón de maíz 5%, monohidrato de creatina micronizado 5%, aromas (contiene cafeína), caseinato de calcio (contiene leche), espesante (goma de celulosa), chocolate en polvo [masa de cacao, manteca de cacao, cacao en polvo bajo en grasa, emulgente: lecitinas (soja), aroma], emulgente: lecitinas (soja), aislado de proteína de suero de leche, sal, canela, edulcorante (sucralosa).","Información nutricional (por 65 g): Valor energético: 1076 kJ / 254 kcal. Grasas: 1,4 g, de las cuales saturadas: 0,78 g. Hidratos de carbono: 38 g, de los cuales azúcares: 4,9 g. Fibra: 5,4 g. Proteínas: 20 g. Sal: 0,65 g.",Mezclar un servicio (65 g = 4 cucharadas soperas) de producto en un shaker con 450 ml de agua. En días de entrenamiento tomar 1 servicio directamente después del entrenamiento. En días de descanso tomar un servicio por la mañana y otro servicio por la tarde.,"ADVERTENCIAS: El producto no es un sustituto de una dieta variada y equilibrada, ni de un estilo de vida saludable.",,,,
gominolas-de-creatina-pura,3668,5056555209707,Coca Cola · 400g,"Creatina Monohidrato, Azúcar Granulado, Jarabe de Glucosa, Agua, Pectina de Fruta, Aromatizantes, Recubrimiento (MCT 90%, Cera de Carnauba).",CREATINE GUMMIES 400 g. Nutritional Information. Serving Size 4 gummies. Servings per bag 20. Per 100 g. Per serving 4 gummies. Creatine monohydrate. 15000 mg. 3000 mg.,"Consume 4 gominolas de creatina al día. No excedas la dosis recomendada.
Este paquete está lleno por peso. Hay aproximadamente 80 gominolas por paquete.",Los suplementos alimenticios no deben utilizarse como sustituto de una dieta variada y equilibrada y un estilo de vida saludable. Mantener fuera del alcance de los niños. No utilizar si estás embarazada o en periodo de lactancia. Consulta a tu médico antes de usarlo si tienes alguna condición médica o tomas medicamentos regularmente.,"No contiene alérgenos comunes. Fabricado en una instalación que maneja leche, soya, huevos, pescado, gluten y sus derivados.",,,
gominolas-de-creatina-pura,3670,5056555207376,Arandanos · 400g,"Creatina Monohidrato, Azúcar Granulado, Jarabe de Glucosa, Agua, Pectina de Fruta, Aromatizantes, Recubrimiento (MCT 90%, Cera de Carnauba).",CREATINE GUMMIES 400 g. Nutritional Information. Serving Size 4 gummies. Servings per bag 20. Per 100 g. Per serving 4 gummies. Creatine monohydrate. 15000 mg. 3000 mg.,"Consume 4 gominolas de creatina al día. No excedas la dosis recomendada.
Este paquete está lleno por peso. Hay aproximadamente 80 gominolas por paquete.",Los suplementos alimenticios no deben utilizarse como sustituto de una dieta variada y equilibrada y un estilo de vida saludable. Mantener fuera del alcance de los niños. No utilizar si estás embarazada o en periodo de lactancia. Consulta a tu médico antes de usarlo si tienes alguna condición médica o tomas medicamentos regularmente.,"No contiene alérgenos comunes. Fabricado en una instalación que maneja leche, soya, huevos, pescado, gluten y sus derivados.",,,
gominolas-de-creatina-pura,3669,5056555207369,Frambuesa Azul · 400 g,"Creatina Monohidrato, Azúcar Granulado, Jarabe de Glucosa, Agua, Pectina de Fruta, Aromatizantes, Recubrimiento (MCT 90%, Cera de Carnauba).",CREATINE GUMMIES 400 g. Nutritional Information. Serving Size 4 gummies. Servings per bag 20. Per 100 g. Per serving 4 gummies. Creatine monohydrate. 15000 mg. 3000 mg.,"Consume 4 gominolas de creatina al día. No excedas la dosis recomendada.
Este paquete está lleno por peso. Hay aproximadamente 80 gominolas por paquete.",Los suplementos alimenticios no deben utilizarse como sustituto de una dieta variada y equilibrada y un estilo de vida saludable. Mantener fuera del alcance de los niños. No utilizar si estás embarazada o en periodo de lactancia. Consulta a tu médico antes de usarlo si tienes alguna condición médica o tomas medicamentos regularmente.,"No contiene alérgenos comunes. Fabricado en una instalación que maneja leche, soya, huevos, pescado, gluten y sus derivados.",,,
amino-energy-zero-con-electrolitos,3757,5999076234943,Té Helado de Melocotón · 360 g,"Agente de carga (polidextrosa), L-leucina instantánea (L-leucina, emulgente: lecitinas, maltodextrina) 11%, L-glutamina 10,7%, acidulante (ácido cítrico), clorhidrato de L-arginina 6,5%, aromas, L-isoleucina 5,4%, L-valina 5,4%, sales potásicas de ácido ortofosfórico, sales cálcicas de ácido cítrico, taurina, citrato de sodio, beta alanina, clorhidrato de L-lisina 2,2%, clorhidrato de L-histidina 2,2%, cloruro de potasio, L-tirosina 1,8%, extracto de hoja de té negro (Camellia sinensis), extracto de hoja de té verde (Camellia sinensis), L-treonina 0,7%, L-metionina 0,7%, L-triptófano 0,7%, L-fenilalanina 0,7%, óxido de magnesio, cafeína deshidratada 0,56%, edulcorante (sucralosa), extracto de grano de café verde (Coffea canephora), clorhidrato de piridoxina.","Cantidad de nutrientes por dosis diaria (14 g): BCAA (2:1:1): 3000 mg, de los cuales L-Leucina: 1500 mg, L-Isoleucina: 750 mg y L-Valina: 750 mg. L-Lisina: 250 mg. L-Histidina: 250 mg. L-Treonina: 100 mg. L-Metionina: 100 mg. L-Triptófano: 100 mg. L-Fenilalanina: 100 mg. L-Glutamina: 1500 mg. L-Arginina: 750 mg. L-Tirosina: 250 mg. Taurina: 500 mg. Beta alanina: 350 mg. Cafeína: 100 mg, procedente de cafeína deshidratada: 85 mg (78,75 mg de cafeína*), extracto de hoja de té verde: 10 mg (9,8 mg de cafeína*), extracto de grano de café verde: 6,45 mg y extracto de hoja de té negro: 5 mg. Potasio: 405 mg (20% VRN*). Cloro: 127 mg (16% VRN*). Calcio: 120 mg (15% VRN*). Fósforo: 105 mg (15% VRN*). Sodio: 100 mg. Magnesio: 60 mg (16% VRN*). Vitamina B6: 1,4 mg (100% VRN*). Extracto de hoja de té negro: 182 mg. Extracto de hoja de té verde: 150 mg. Extracto de grano de café verde: 50 mg.",,,,,,
amino-energy-zero-con-electrolitos,3763,5999076234950,Lima · 360 g,"Agente de carga (polidextrosa), acidulante (ácido cítrico), L-leucina instantánea (L-leucina, emulgente: lecitinas, maltodextrina) 11%, L-glutamina 10,7%, clorhidrato de L-arginina 6,5%, L-isoleucina 5,4%, L-valina 5,4%, aromas, sales potásicas de ácido ortofosfórico, sales cálcicas de ácido cítrico, taurina, citrato de sodio, beta alanina, clorhidrato de L-lisina 2,2%, clorhidrato de L-histidina 2,2%, cloruro de potasio, L-tirosina 1,8%, extracto de hoja de té verde (Camellia sinensis), L-treonina 0,7%, L-metionina 0,7%, L-triptófano 0,7%, L-fenilalanina 0,7%, óxido de magnesio, cafeína deshidratada 0,61%, edulcorante (sucralosa), extracto de grano de café verde (Coffea canephora), clorhidrato de piridoxina, colorantes (tartrazina1, indigotina).
1Tartrazina: pueden tener efectos negativos sobre la actividad y la atención de los niños.","Cada envase contiene 25 dosis de 14 g. Cada dosis aporta 3.000 mg de BCAA en proporción 2:1:1 (1.500 mg de L-leucina, 750 mg de L-isoleucina y 750 mg de L-valina), además de 1.500 mg de L-glutamina, 750 mg de L-arginina, 500 mg de taurina, 350 mg de beta-alanina y aminoácidos esenciales como L-lisina, L-histidina, L-treonina, L-metionina, L-triptófano, L-fenilalanina y L-tirosina.

También contiene 100 mg de cafeína procedente de cafeína deshidratada, extracto de hoja de té verde, extracto de grano de café verde y extracto de hoja de té negro. La fórmula se completa con potasio, cloro, calcio, fósforo, sodio, magnesio y vitamina B6, además de extractos naturales de té negro, té verde y café verde. Los porcentajes de VRN se aplican únicamente a los nutrientes para los que existe un valor de referencia establecido.",Uso recomendado: Mezclar una ración de polvo (2 cucharas medidoras colmadas = 14 g = 2 cucharas de té colmadas) con 400 ml de agua en una botella mezcladora. Consumir una ración cada día. ¡No superar la dosis diaria recomendada!,"Advertencia: Alto contenido de cafeína {100 mg/ración (25 mg/100 ml)}. No se recomienda su uso a niños, a mujeres embarazadas o en periodo de lactancia. Mantener el producto fuera del alcance de los niños pequeños. No se recomienda su uso a personas que padecen de una enfermedad primaria o toman medicación, a niños, a mujeres embarazadas o en periodo de lactancia. El producto no es un sustituto de una dieta variada y equilibrada, ni de un estilo de vida saludable.",,,,
100-pure-whey,3784,5999076240081,Black Biscuit · 454 g,"Proteínas de suero de leche instantáneas 89% {concentrado de proteína de suero de leche [emulgente: lecitinas], aislado de proteína de suero de leche [emulgente: lecitinas (soja)]}, trozos de galleta 3%, [harina de arroz, azúcar, almidón de maíz, aceite refinado de coco, cacao en polvo bajo en grasa, jarabe de glucosa, sal, espesante (goma guar), gasificantes (hidrogenocarbonato de amonio, hidrogenocarbonato de sodio), aroma], L-glutamina 2,9%, espesante (goma de celulosa), aromas, L-arginina, sal, L-leucina 0,2%, edulcorante (sucralosa), L-isoleucina 0,1%, L-valina 0,1%, bromelina en polvo 0,04%.","Información nutricional (por 28 g): Valor energético: 456 kJ / 108 kcal. Grasas: 1,9 g, de las cuales saturadas: 0,7 g. Hidratos de carbono: 1,8 g, de los cuales azúcares: 1,3 g. Proteínas: 21 g. Sal: 0,33 g.","Uso recomendado: Mezclar en un bote mezclador una ración de producto (28 gr = 2 cucharadas colmadas) con 250 ml de agua. Consumir una ración dentro de 45 minutos después del entrenamiento y una ración entre dos comidas. En días de descanso, consumir una ración en la mañana y una por la noche.",El producto no deben utilizarse como sustituto de una dieta equilibrada y variada y por un modo de vida sano.,,,,
100-pure-whey,3785,5999076269570,Caramelo Capuchino · 400 g,"Proteínas de suero de leche instantáneas 87% {concentrado de proteína de suero de leche [emulgente: lecitinas], aislado de proteína de suero de leche [emulgente: lecitinas (soja)]}, L-glutamina 4,7%, cacao en polvo bajo en grasa, aromas, L-arginina, café instantáneo 1%, espesante (goma de celulosa), sal, L-leucina 0,2%, edulcorante (sucralosa), L-isoleucina 0,1%, L-valina 0,1%, bromelina en polvo 0,04%.","Información nutricional (por 28 g): Valor energético: 454 kJ / 107 kcal. Grasas: 1,8 g, de las cuales saturadas: 0,6 g. Hidratos de carbono: 1,5 g, de los cuales azúcares: 1,0 g. Proteínas: 21 g. Sal: 0,24 g.

Perfil de aminoácidos (por 28 g): Aminoácidos esenciales: 9095 mg. Aminoácidos condicionalmente esenciales: 7666 mg. Aminoácidos no esenciales: 4238 mg. BCAA totales: 4328 mg.","Uso recomendado: Mezclar en un bote mezclador una ración de producto (28 gr = 2 cucharadas colmadas) con 250 ml de agua. Consumir una ración dentro de 45 minutos después del entrenamiento y una ración entre dos comidas. En días de descanso, consumir una ración en la mañana y una por la noche.",ADVERTENCIAS: El producto no deben utilizarse como sustituto de una dieta equilibrada y variada y por un modo de vida sano.,,,,
iso-whey-platinum,3788,5999076265961,Chocolate · 454 g,"Aislado de proteínas de suero de leche instantáneo {aislado de proteínas de suero de leche, emulgente [lecitinas (soja)]} 35%, concentrado de proteínas de suero de leche instantáneo {concentrado de proteínas de suero de leche, emulgente [lecitinas (soja)]} 34%, monohidrato de creatina micronizado 15%, cacao en polvo bajo en grasa, L-glutamina 3,5%, aromas, potenciador de cremosidad [aceite de coco totalmente hidrogenado, leche desnatada en polvo, emulgentes (E471, E472a), jarabe de glucosa, sacarosa, proteína de leche, estabilizante (fosfatos de potasio)], emulgente [lecitinas (soja)], espesantes (carragenanos, goma xantana), clorhidrato de L-arginina 0,85%, sal, antiaglomerante (dióxido de silicio), edulcorante (sucralosa), niacina (nicotinamida, ácido nicotínico).
Elaborado en una fábrica que produce alimentos que contienen huevos, cacahuetes, frutos de cáscara, apio, pescado, crustáceos y dióxido de azufre.

CONSUMIR PREFERENTEMENTE ANTES DEL (día/mes/año): ver en el envase (LOT/EXP). ALMACENAMIENTO: Almacenar bien cerrado, en lugar fresco y seco.
Lugar de procedencia: UE.
Distribuido por: BioTechUSA S.L., 1033 Budapest, Huszti út 60., Hungría.","Información nutricional (por 22,5 g): Valor energético: 389 kJ / 92 kcal. Grasas: 1,0 g, de las cuales ácidos grasos saturados: 0,5 g. Hidratos de carbono: 1,0 g, de los cuales azúcares: 0,7 g. Proteínas: 20 g. Sal: 0,24 g.

Vitaminas (por 22,5 g): Niacina: 3,0 mg.

Otros principios activos añadidos (por 22,5 g): Monohidrato de creatina micronizado: 3412 mg, del cual creatina: 3000 mg. L-Glutamina: 788 mg. Clorhidrato de L-arginina: 192 mg, del cual L-arginina: 159 mg.

Aminoácidos esenciales — EAA (por 22,5 g): L-Histidina: 339 mg. L-Isoleucina: 1040 mg. L-Leucina: 1911 mg. L-Lisina: 1662 mg. L-Metionina: 425 mg. L-Fenilalanina: 578 mg. L-Treonina: 1170 mg. L-Triptófano: 309 mg. L-Valina: 1006 mg. Total: 8440 mg.

Aminoácidos condicionalmente esenciales — CAA (por 22,5 g): L-Arginina: 740 mg. L-Cisteína: 577 mg. L-Glutamina y ácido L-glutámico: 4298 mg. L-Prolina: 999 mg. L-Tirosina: 538 mg. Total: 7152 mg.

Aminoácidos no esenciales — NAA (por 22,5 g): L-Alanina: 866 mg. L-Asparagina y ácido L-aspártico: 1935 mg. Glicina: 324 mg. L-Serina: 859 mg. Total: 3984 mg.","Instrucciones de uso: Mezclar 1 dosis (22,5 g = 1 cuchara medidora= 4 cucharadas soperas) con 200 ml de agua en un shaker.Para realizar medidas precisas utilice una báscula. Tomar 1 dosis diariamente.","ADVERTENCIAS: No debe ser consumido por menores de 18 años, ni por personas con afecciones médicas y/o que toman medicamentos. No debe ser consumido por mujeres embarazadas o en período de lactancia.",,,,
iso-whey-platinum,3789,5999076265992,Cookies & Cream · 454 g,"Aislado de proteínas de suero de leche instantáneo {aislado de proteínas de suero de leche, emulgente [lecitinas (soja)]} 33%, concentrado de proteínas de suero de leche instantáneo {concentrado de proteínas de suero de leche, emulgente [lecitinas (soja)]} 33%, monohidrato de creatina micronizado 15%, aromas L-glutamina 3,5%, potenciador de cremosidad [aceite de coco totalmente hidrogenado, leche desnatada en polvo, emulgentes (E471, E472a), jarabe de glucosa, sacarosa, proteína de leche, estabilizante (fosfatos de potasio)], emulgente [lecitinas (soja], espesantes (carragenanos, goma xantana), clorhidrato de L-arginina 0,85%, sal, canela en polvo, antiaglomerante (dióxido de silicio), edulcorante (sucralosa), niacina (nicotinamida, ácido nicotínico).
Elaborado en una fábrica que produce alimentos que contienen huevos, cacahuetes, frutos de cáscara, apio, pescado, crustáceos y dióxido de azufre.

CONSUMIR PREFERENTEMENTE ANTES DEL (día/mes/año): ver en el envase (LOT/EXP). ALMACENAMIENTO: Almacenar bien cerrado, en lugar fresco y seco.
Lugar de procedencia: UE.
Distribuido por: BioTechUSA S.L., 1033 Budapest, Huszti út 60., Hungría.","Información nutricional (por 22,5 g): Valor energético: 389 kJ / 92 kcal. Grasas: 1,0 g, de las cuales ácidos grasos saturados: 0,5 g. Hidratos de carbono: 1,0 g, de los cuales azúcares: 0,7 g. Proteínas: 20 g. Sal: 0,24 g.

Vitaminas (por 22,5 g): Niacina: 3,0 mg.

Otros principios activos añadidos (por 22,5 g): Monohidrato de creatina micronizado: 3412 mg, del cual creatina: 3000 mg. L-Glutamina: 788 mg. Clorhidrato de L-arginina: 192 mg, del cual L-arginina: 159 mg.

Aminoácidos esenciales — EAA (por 22,5 g): L-Histidina: 339 mg. L-Isoleucina: 1040 mg. L-Leucina: 1911 mg. L-Lisina: 1662 mg. L-Metionina: 425 mg. L-Fenilalanina: 578 mg. L-Treonina: 1170 mg. L-Triptófano: 309 mg. L-Valina: 1006 mg. Total: 8440 mg.

Aminoácidos condicionalmente esenciales — CAA (por 22,5 g): L-Arginina: 740 mg. L-Cisteína: 577 mg. L-Glutamina y ácido L-glutámico: 4298 mg. L-Prolina: 999 mg. L-Tirosina: 538 mg. Total: 7152 mg.

Aminoácidos no esenciales — NAA (por 22,5 g): L-Alanina: 866 mg. L-Asparagina y ácido L-aspártico: 1935 mg. Glicina: 324 mg. L-Serina: 859 mg. Total: 3984 mg.","Instrucciones de uso: Mezclar 1 dosis (22,5 g = 1 cuchara medidora= 4 cucharadas soperas) con 200 ml de agua en un shaker.Para realizar medidas precisas utilice una báscula. Tomar 1 dosis diariamente.","ADVERTENCIAS: No debe ser consumido por menores de 18 años, ni por personas con afecciones médicas y/o que toman medicamentos. No debe ser consumido por mujeres embarazadas o en período de lactancia.",,,,
iso-whey-platinum,3790,5999076265978,Fresa · 454 g,"Aislado de proteínas de suero de leche instantáneo {aislado de proteínas de suero de leche, emulgente [lecitinas (soja)]} 36%, concentrado de proteínas de suero de leche instantáneo {concentrado de proteínas de suero de leche, emulgente [lecitinas (soja)]} 36%, monohidrato de creatina micronizado 15%, L-glutamina 3,5%, aromas, potenciador de cremosidad [aceite de coco totalmente hidrogenado, leche desnatada en polvo, emulgentes (E471, E472a), jarabe de glucosa, sacarosa, proteína de leche, estabilizante (fosfatos de potasio)], acidulante (ácido cítrico), espesantes (carragenanos, goma xantana), clorhidrato de L-arginina 0,85%, emulgente [lecitinas (soja), antiaglomerante (dióxido de silicio), sal, edulcorante (sucralosa), niacina (nicotinamida, ácido nicotínico), colorante (Rojo Allura AC).
Rojo Allura AC: puede tener efectos negativos sobre la actividad y la atención de los niños. br>Elaborado en una fábrica que produce alimentos que contienen huevos, cacahuetes, frutos de cáscara, apio, pescado, crustáceos y dióxido de azufre.

CONSUMIR PREFERENTEMENTE ANTES DEL (día/mes/año): ver en el envase (LOT/EXP). ALMACENAMIENTO: Almacenar bien cerrado, en lugar fresco y seco.
Lugar de procedencia: UE.
Distribuido por: BioTechUSA S.L., 1033 Budapest, Huszti út 60., Hungría.","Información nutricional (por 22,5 g): Valor energético: 389 kJ / 92 kcal. Grasas: 1,0 g, de las cuales ácidos grasos saturados: 0,5 g. Hidratos de carbono: 1,0 g, de los cuales azúcares: 0,7 g. Proteínas: 20 g. Sal: 0,24 g.

Vitaminas (por 22,5 g): Niacina: 3,0 mg.

Otros principios activos añadidos (por 22,5 g): Monohidrato de creatina micronizado: 3412 mg, del cual creatina: 3000 mg. L-Glutamina: 788 mg. Clorhidrato de L-arginina: 192 mg, del cual L-arginina: 159 mg.

Aminoácidos esenciales — EAA (por 22,5 g): L-Histidina: 339 mg. L-Isoleucina: 1040 mg. L-Leucina: 1911 mg. L-Lisina: 1662 mg. L-Metionina: 425 mg. L-Fenilalanina: 578 mg. L-Treonina: 1170 mg. L-Triptófano: 309 mg. L-Valina: 1006 mg. Total: 8440 mg.

Aminoácidos condicionalmente esenciales — CAA (por 22,5 g): L-Arginina: 740 mg. L-Cisteína: 577 mg. L-Glutamina y ácido L-glutámico: 4298 mg. L-Prolina: 999 mg. L-Tirosina: 538 mg. Total: 7152 mg.

Aminoácidos no esenciales — NAA (por 22,5 g): L-Alanina: 866 mg. L-Asparagina y ácido L-aspártico: 1935 mg. Glicina: 324 mg. L-Serina: 859 mg. Total: 3984 mg.","Instrucciones de uso: Mezclar 1 dosis (22,5 g = 1 cuchara medidora= 4 cucharadas soperas) con 200 ml de agua en un shaker.Para realizar medidas precisas utilice una báscula. Tomar 1 dosis diariamente.","ADVERTENCIAS: No debe ser consumido por menores de 18 años, ni por personas con afecciones médicas y/o que toman medicamentos. No debe ser consumido por mujeres embarazadas o en período de lactancia.",,,,
iso-whey-platinum,3791,5999076265985,Coco Mango · 454 g,"Aislado de proteínas de suero de leche instantáneo {aislado de proteínas de suero de leche, emulgente [lecitinas (soja)]} 36%, concentrado de proteínas de suero de leche instantáneo {concentrado de proteínas de suero de leche, emulgente [lecitinas (soja)]} 36%, monohidrato de creatina micronizado 15%, L-glutamina 3,5%, aromas, potenciador de cremosidad [aceite de coco totalmente hidrogenado, leche desnatada en polvo, emulgentes (E471, E472a), jarabe de glucosa, sacarosa, proteína de leche, estabilizante (fosfatos de potasio)], emulgente [lecitinas (soja)], espesantes (carragenanos, goma xantana), clorhidrato de L-arginina 0,85%, acidulante (ácido málico), sal, antiaglomerante (dióxido de silicio), edulcorante (sucralosa), niacina (nicotinamida, ácido nicotínico), colorante (tartrazina). Tartrazina: puede tener efectos negativos sobre la actividad y la atención de los niños.
Elaborado en una fábrica que produce alimentos que contienen huevos, cacahuetes, frutos de cáscara, apio, pescado, crustáceos y dióxido de azufre.

CONSUMIR PREFERENTEMENTE ANTES DEL (día/mes/año): ver en el envase (LOT/EXP). ALMACENAMIENTO: Almacenar bien cerrado, en lugar fresco y seco.
Lugar de procedencia: UE.
Distribuido por: BioTechUSA S.L., 1033 Budapest, Huszti út 60., Hungría.","Información nutricional (por 22,5 g): Valor energético: 389 kJ / 92 kcal. Grasas: 1,0 g, de las cuales ácidos grasos saturados: 0,5 g. Hidratos de carbono: 1,0 g, de los cuales azúcares: 0,7 g. Proteínas: 20 g. Sal: 0,24 g.

Vitaminas (por 22,5 g): Niacina: 3,0 mg.

Otros principios activos añadidos (por 22,5 g): Monohidrato de creatina micronizado: 3412 mg, del cual creatina: 3000 mg. L-Glutamina: 788 mg. Clorhidrato de L-arginina: 192 mg, del cual L-arginina: 159 mg.

Aminoácidos esenciales — EAA (por 22,5 g): L-Histidina: 339 mg. L-Isoleucina: 1040 mg. L-Leucina: 1911 mg. L-Lisina: 1662 mg. L-Metionina: 425 mg. L-Fenilalanina: 578 mg. L-Treonina: 1170 mg. L-Triptófano: 309 mg. L-Valina: 1006 mg. Total: 8440 mg.

Aminoácidos condicionalmente esenciales — CAA (por 22,5 g): L-Arginina: 740 mg. L-Cisteína: 577 mg. L-Glutamina y ácido L-glutámico: 4298 mg. L-Prolina: 999 mg. L-Tirosina: 538 mg. Total: 7152 mg.

Aminoácidos no esenciales — NAA (por 22,5 g): L-Alanina: 866 mg. L-Asparagina y ácido L-aspártico: 1935 mg. Glicina: 324 mg. L-Serina: 859 mg. Total: 3984 mg.","Instrucciones de uso: Mezclar 1 dosis (22,5 g = 1 cuchara medidora= 4 cucharadas soperas) con 200 ml de agua en un shaker.Para realizar medidas precisas utilice una báscula. Tomar 1 dosis diariamente.","ADVERTENCIAS: No debe ser consumido por menores de 18 años, ni por personas con afecciones médicas y/o que toman medicamentos. No debe ser consumido por mujeres embarazadas o en período de lactancia.",,,,
creatina-monohidratada,3803,8435635720825,Lollipop · 500 g,"Creatina monohidrato, corrector de acidez: ácido cítrico, aroma, edulcorante: sucralosa y colorante: rojo de remolacha.","Otros principios activos (por servicio de 3 g): Creatina monohidrato: 2,56 g.","Días de entrenamiento: La dosis recomendada básica son 3 gramos (1 cazo) disueltos en 250 ml de agua, antes del entrenamiento. Días de NO entrenamiento: Se puede descansar o continuar con la misma dosis.","Producto para uso en adultos. Los complementos alimenticios no deben utilizarse como sustitutos de una dieta equilibrada y un estilo de vida saludable. Este producto no está diseñado para diagnosticar, tratar o prevenir ninguna enfermedad. No superar la dosis diaria expresamente recomendada. Mantener fuera del alcance de los niños más pequeños.","Aunque este producto no contiene leche y soja, se fabrica en una instalación que procesa ingredientes que sí los contienen.",,,
creatina-monohidratada,3802,8435635720993,Lollipop · 250 g,"Creatina monohidrato Creapure®, corrector de acidez: ácido cítrico, aroma, edulcorante: sucralosa y colorante: rojo de remolacha.","Otros principios activos (por servicio de 3 g): Creatina monohidrato Creapure®: 2,56 g.","Días de entrenamiento: La dosis recomendada básica son 3 gramos (1 cazo) disueltos en 250 ml de agua, antes del entrenamiento. Días de NO entrenamiento: Se puede descansar o continuar con la misma dosis.","Producto para uso en adultos. Los complementos alimenticios no deben utilizarse como sustitutos de una dieta equilibrada y un estilo de vida saludable. Este producto no está diseñado para diagnosticar, tratar o prevenir ninguna enfermedad. No superar la dosis diaria expresamente recomendada. Mantener fuera del alcance de los niños más pequeños.","Aunque este producto no contiene leche y soja, se fabrica en una instalación que procesa ingredientes que sí los contienen.",,,
creatina-monohidratada,3804,8435635721013,Sin Sabor · 500 g,Creatina monohidrato.,Otros principios activos (por servicio de 3 g): Creatina monohidrato: 3 g.,"La dosis recomendada básica son 3 gramos (1 cazo) disueltos en 250 ml de agua, antes del entrenamiento. Días de NO entrenamiento: Se puede descansar o continuar con la misma dosis.","Producto para uso en adultos. Los complementos alimenticios no deben utilizarse como sustitutos de una dieta equilibrada y un estilo de vida saludable. Este producto no está diseñado para diagnosticar, tratar o prevenir ninguna enfermedad. Mantener fuera del alcance de los niños más pequeños.","Aunque este producto no contiene leche y soja, se fabrica en una instalación que procesa ingredientes que sí los contienen.",,,
creatina-monohidratada,3805,8435635720832,Melón · 500 g,Creatina monohidrato.,Otros principios activos (por servicio de 3 g): Creatina monohidrato: 3 g.,"La dosis recomendada básica son 3 gramos (1 cazo) disueltos en 250 ml de agua, antes del entrenamiento. Días de NO entrenamiento: Se puede descansar o continuar con la misma dosis.","Producto para uso en adultos. Los complementos alimenticios no deben utilizarse como sustitutos de una dieta equilibrada y un estilo de vida saludable. Este producto no está diseñado para diagnosticar, tratar o prevenir ninguna enfermedad. Mantener fuera del alcance de los niños más pequeños.","Aunque este producto no contiene leche y soja, se fabrica en una instalación que procesa ingredientes que sí los contienen.",,,
creatina-monohidratada,3801,8435635721006,Lima · 250 g,"Creatina monohidrato Creapure®, correctores de acidez: ácido cítrico y ácido málico, aroma, edulcorante: sucralosa y colorantes: tartrazina y azul brillante FCF.","Otros principios activos (por servicio de 3 g): Creatina monohidrato Creapure®: 2,65 g.","Días de entrenamiento: La dosis recomendada básica son 3 gramos (1 cazo) disueltos en 250 ml de agua, antes del entrenamiento. Días de NO entrenamiento: Se puede descansar o continuar con la misma dosis.","Producto para uso en adultos. Los complementos alimenticios no deben utilizarse como sustitutos de una dieta equilibrada y un estilo de vida saludable. Este producto no está diseñado para diagnosticar, tratar o prevenir ninguna enfermedad. No superar la dosis diaria expresamente recomendada. Mantener fuera del alcance de los niños más pequeños.","Aunque este producto no contiene leche y soja, se fabrica en una instalación que procesa ingredientes que sí los contienen.",,,
galleta-de-crema,3819,8032454003896,Chocolate Negro · 200 g,"farina di grano tenero*, crema al gusto cioccolato fondente* (zucchero di canna*, olio di girasole alto oleico*, cacao magro in polvere* 25%, farina di riso*, emulsionante: lecitine di girasole*), margarina vegetale* (olio di girasole*, burro di karitè*, acqua), zucchero di canna*, cacao*, sciroppo di riso*, carbonati di sodio, emulsionante: lecitine di girasole*
*da Agricoltura Biologica","Información nutricional (por 100 g): Valor energético: 2109 kJ / 505 kcal. Grasas: 26 g, de las cuales saturadas (AGS): 6 g. Hidratos de carbono: 57 g, de los cuales azúcares: 22 g. Fibra: 5,3 g. Proteínas: 8 g. Sal: 0 g. Manganeso: 0 g. Fósforo: 0 g. Magnesio: 0 g. Vitamina B6: 0 g. Tiamina: 0 g.",,,"El producto contiene: Gluten, Frutos de cáscara.

El producto puede contener trazas de: Mostaza, Semillas de sésamo, Altramuz, otros frutos secos, Soja.",,,
galleta-de-crema,3826,8032454003902,Coco · 200 g,"farina di grano tenero*, crema al cocco* (zucchero di canna*, cocco essiccato* 22%, olio di girasole*, farina di riso*, olio di cocco*, emulsionante: lecitine di girasole*), margarina vegetale* (olio di girasole*, burro di karitè*, acqua), zucchero di canna*, cacao*, sciroppo di riso*, carbonati di sodio, emulsionante: lecitine di girasole*
*da Agricoltura Biologica","Información nutricional (por 100 g): Valor energético: 2145 kJ / 513 kcal. Grasas: 26 g, de las cuales saturadas (AGS): 9,4 g. Hidratos de carbono: 61 g, de los cuales azúcares: 26 g. Fibra: 4 g. Proteínas: 6,7 g. Sal: 0 g. Manganeso: 0 g. Fósforo: 0 g. Magnesio: 0 g. Vitamina B6: 0 g. Tiamina: 0 g.",,,"El producto contiene: Gluten, Frutos de cáscara.

El producto puede contener trazas de: Mostaza, Semillas de sésamo, Altramuz, otros frutos secos, Soja.",,,
caseina-micellar,3841,8425252164676,Natilla Vainilla & Cinamon · 1 kg,"Ingredientes: Aislado de caseína micelar natural Lacprodan MicelPure® (LECHE) (71.95%), Concentrado de proteína de suero de LECHE Lacprodan® SP-8011V Instant (contiene lecitina de SOJA, como emulgente) (20%), cacao desgrasado (5%), aromas, espesante (goma xantana), sal, Edulcorantes (glucosidos de esteviol procedentes de la estevia, sucralosa).","Información nutricional (por 30 g): Valor energético: 445,04 kJ / 106,47 kcal. Grasas: 0,76 g, de las cuales saturadas: 0,48 g. Hidratos de carbono: 1,43 g, de los cuales azúcares: 1,26 g. Fibra: 0,54 g. Proteínas: 23,21 g. Sal: 0,11 g.

Perfil de aminoácidos (por 100 g de producto): L-Leucina: 9,13 g. L-Isoleucina: 4,99 g. L-Valina: 5,97 g. BCAA totales: 20,09 g. Ácido L-Aspártico: 7,62 g. Ácido L-Glutámico: 19,86 g. L-Serina: 5,51 g. Glicina: 1,75 g. L-Histidina: 2,47 g. L-Arginina: 3,18 g. L-Treonina: 4,86 g. L-Alanina: 3,40 g. L-Prolina: 8,53 g. L-Tirosina: 4,58 g. L-Metionina: 2,60 g. L-Cisteína: 0,84 g. L-Fenilalanina: 4,33 g. L-Lisina: 7,88 g. L-Triptófano: 1,32 g.","Modo de empleo: Añadir 1 cacito (30g) y mezclar con 300-350ml de agua o leche desnatada (para un batido más espeso utilice menos líquido, para uno más ligero use más). Para mejores resultados vierta primero el líquido y a continuación el producto en un agitador o mezclador. Tomar inmediatamente tras la preparación. Consumir antes de dormir.","Advertencias: Puede contener trazas de gluten, pescado, cacahuete y frutos de cáscara (avellana). Producto para uso en adultos.",,,,
caseina-micellar,3840,8425252161712,Choco Delight con Topping de 3 Chocolates · 1 kg,"Ingredientes: Aislado de caseína micelar natural Lacprodan MicelPure® (LECHE) (58.85%), Concentrado de proteína de suero de LECHE Lacprodan® SP-8011V Instant (contiene lecitina de SOJA, como emulgente) (20%), cacao alcalino desgrasado (6%), Trocitos planos de chocolate negro (azúcar, pasta de cacao, manteca de cacao, cacao desgrasado en polvo, agente de recubrimiento (E-553b), emulgente (E-322) y aroma natural (vainilla)) (4%), Trocitos planos de chocolate blanco (azúcar, manteca de cacao, LECHE entera en polvo, agente de recubrimiento (E-553b), emulgente (E-322) y aroma natural)(4%),Trocitos planos de chocolate con LECHE (azúcar, manteca de cacao, LECHE entera en polvo, pasta de cacao, LECHE desnatada en polvo, agente de recubrimiento (E-553b), emulgente (E-322), aroma natural) (4%), Aromas, edulcorante (Sucralosa), espesante (goma xantana), sal.","Información nutricional (por 30 g): Valor energético: 470,33 kJ / 112,52 kcal. Grasas: 1,89 g, de las cuales saturadas: 1,2 g. Hidratos de carbono: 3,4 g, de los cuales azúcares: 3,11 g. Fibra: 0,67 g. Proteínas: 20,14 g. Sal: 0,13 g.

Perfil de aminoácidos (por 100 g de producto): L-Leucina: 7,87 g. L-Isoleucina: 4,32 g. L-Valina: 5,10 g. BCAA totales: 17,3 g. Ácido L-Aspártico: 6,65 g. Ácido L-Glutámico: 16,90 g. L-Serina: 4,71 g. Glicina: 1,50 g. L-Histidina: 2,09 g. L-Arginina: 2,70 g. L-Treonina: 4,27 g. L-Alanina: 2,98 g. L-Prolina: 7,20 g. L-Tirosina: 3,86 g. L-Metionina: 2,21 g. L-Cisteína: 0,77 g. L-Fenilalanina: 3,66 g. L-Lisina: 6,81 g. L-Triptófano: 1,15 g.","Modo de empleo: Añadir 1 cacito (30g) y mezclar con 300-350ml de agua o leche desnatada (para un batido más espeso utilice menos líquido, para uno más ligero use más). Para mejores resultados vierta primero el líquido y a continuación el producto en un agitador o mezclador. Tomar inmediatamente tras la preparación. Consumir antes de dormir.","Advertencias: Puede contener trazas de gluten, pescado, cacahuete y frutos de cáscara (avellana). Producto para uso en adultos.",,,,
